ID,Category
airplane_026.jpg,0
airplane_031.jpg,0
airplane_041.jpg,0
airplane_044.jpg,0
airplane_052.jpg,0
airplane_055.jpg,0
airplane_058.jpg,0
airplane_061.jpg,0
airplane_071.jpg,0
airplane_081.jpg,0
airplane_134.jpg,0
airplane_140.jpg,0
airplane_154.jpg,0
airplane_160.jpg,0
airplane_163.jpg,0
airplane_164.jpg,0
airplane_175.jpg,0
airplane_186.jpg,0
airplane_190.jpg,0
airplane_197.jpg,0
airplane_200.jpg,0
airplane_214.jpg,0
airplane_227.jpg,0
airplane_259.jpg,0
airplane_260.jpg,0
airplane_264.jpg,0
airplane_269.jpg,0
airplane_270.jpg,0
airplane_295.jpg,0
airplane_323.jpg,0
airplane_324.jpg,0
airplane_330.jpg,0
airplane_356.jpg,7
airplane_358.jpg,0
airplane_361.jpg,0
airplane_390.jpg,0
airplane_402.jpg,0
airplane_403.jpg,0
airplane_428.jpg,0
airplane_438.jpg,0
airplane_440.jpg,0
airplane_441.jpg,0
airplane_448.jpg,0
airplane_451.jpg,0
airplane_467.jpg,0
airplane_473.jpg,0
airplane_481.jpg,0
airplane_496.jpg,0
airplane_500.jpg,0
airplane_507.jpg,0
airplane_535.jpg,0
airplane_540.jpg,0
airplane_542.jpg,0
airplane_553.jpg,0
airplane_554.jpg,0
airplane_556.jpg,0
airplane_560.jpg,0
airplane_567.jpg,0
airplane_568.jpg,0
airplane_572.jpg,0
airplane_584.jpg,0
airplane_598.jpg,0
airplane_606.jpg,0
airplane_629.jpg,0
airplane_632.jpg,0
airplane_640.jpg,0
airplane_644.jpg,0
airplane_661.jpg,0
airplane_674.jpg,0
airplane_700.jpg,0
airport_026.jpg,1
airport_031.jpg,1
airport_041.jpg,1
airport_044.jpg,1
airport_052.jpg,1
airport_055.jpg,1
airport_058.jpg,1
airport_061.jpg,1
airport_071.jpg,1
airport_081.jpg,1
airport_134.jpg,1
airport_140.jpg,1
airport_154.jpg,1
airport_160.jpg,1
airport_163.jpg,1
airport_164.jpg,1
airport_175.jpg,1
airport_186.jpg,1
airport_190.jpg,1
airport_197.jpg,1
airport_200.jpg,1
airport_214.jpg,1
airport_227.jpg,1
airport_259.jpg,1
airport_260.jpg,1
airport_264.jpg,1
airport_269.jpg,1
airport_270.jpg,1
airport_295.jpg,1
airport_323.jpg,1
airport_324.jpg,1
airport_330.jpg,1
airport_356.jpg,1
airport_358.jpg,1
airport_361.jpg,1
airport_390.jpg,1
airport_402.jpg,1
airport_403.jpg,1
airport_428.jpg,1
airport_438.jpg,1
airport_440.jpg,1
airport_441.jpg,1
airport_448.jpg,1
airport_451.jpg,1
airport_467.jpg,1
airport_473.jpg,1
airport_481.jpg,1
airport_496.jpg,1
airport_500.jpg,1
airport_505.jpg,1
airport_533.jpg,1
airport_538.jpg,1
airport_540.jpg,1
airport_551.jpg,1
airport_552.jpg,1
airport_554.jpg,1
airport_558.jpg,1
airport_565.jpg,1
airport_566.jpg,1
airport_570.jpg,1
airport_596.jpg,1
airport_605.jpg,1
airport_628.jpg,1
airport_639.jpg,1
airport_643.jpg,1
airport_658.jpg,1
airport_661.jpg,1
airport_674.jpg,1
airport_697.jpg,1
airport_700.jpg,1
baseball_diamond_026.jpg,2
baseball_diamond_031.jpg,2
baseball_diamond_041.jpg,2
baseball_diamond_044.jpg,2
baseball_diamond_052.jpg,2
baseball_diamond_055.jpg,2
baseball_diamond_058.jpg,2
baseball_diamond_061.jpg,2
baseball_diamond_071.jpg,2
baseball_diamond_081.jpg,2
baseball_diamond_134.jpg,2
baseball_diamond_140.jpg,2
baseball_diamond_154.jpg,2
baseball_diamond_160.jpg,2
baseball_diamond_163.jpg,2
baseball_diamond_164.jpg,2
baseball_diamond_175.jpg,2
baseball_diamond_186.jpg,2
baseball_diamond_190.jpg,2
baseball_diamond_197.jpg,2
baseball_diamond_200.jpg,2
baseball_diamond_214.jpg,2
baseball_diamond_227.jpg,2
baseball_diamond_259.jpg,2
baseball_diamond_260.jpg,2
baseball_diamond_264.jpg,2
baseball_diamond_269.jpg,2
baseball_diamond_270.jpg,2
baseball_diamond_295.jpg,2
baseball_diamond_323.jpg,2
baseball_diamond_324.jpg,2
baseball_diamond_330.jpg,2
baseball_diamond_356.jpg,2
baseball_diamond_358.jpg,2
baseball_diamond_361.jpg,2
baseball_diamond_390.jpg,2
baseball_diamond_402.jpg,2
baseball_diamond_403.jpg,2
baseball_diamond_428.jpg,2
baseball_diamond_438.jpg,2
baseball_diamond_440.jpg,2
baseball_diamond_441.jpg,2
baseball_diamond_448.jpg,2
baseball_diamond_451.jpg,2
baseball_diamond_467.jpg,2
baseball_diamond_473.jpg,2
baseball_diamond_481.jpg,2
baseball_diamond_496.jpg,2
baseball_diamond_500.jpg,10
baseball_diamond_507.jpg,2
baseball_diamond_535.jpg,26
baseball_diamond_540.jpg,2
baseball_diamond_542.jpg,2
baseball_diamond_553.jpg,2
baseball_diamond_554.jpg,2
baseball_diamond_556.jpg,2
baseball_diamond_560.jpg,2
baseball_diamond_567.jpg,2
baseball_diamond_568.jpg,2
baseball_diamond_572.jpg,2
baseball_diamond_584.jpg,2
baseball_diamond_598.jpg,2
baseball_diamond_606.jpg,2
baseball_diamond_629.jpg,2
baseball_diamond_632.jpg,2
baseball_diamond_640.jpg,2
baseball_diamond_644.jpg,2
baseball_diamond_661.jpg,2
baseball_diamond_674.jpg,2
baseball_diamond_700.jpg,2
basketball_court_026.jpg,3
basketball_court_031.jpg,3
basketball_court_041.jpg,3
basketball_court_044.jpg,3
basketball_court_052.jpg,3
basketball_court_055.jpg,3
basketball_court_058.jpg,3
basketball_court_061.jpg,3
basketball_court_071.jpg,3
basketball_court_081.jpg,3
basketball_court_134.jpg,3
basketball_court_140.jpg,3
basketball_court_154.jpg,3
basketball_court_160.jpg,3
basketball_court_163.jpg,3
basketball_court_164.jpg,3
basketball_court_175.jpg,3
basketball_court_186.jpg,3
basketball_court_190.jpg,3
basketball_court_197.jpg,3
basketball_court_200.jpg,3
basketball_court_214.jpg,3
basketball_court_227.jpg,3
basketball_court_259.jpg,41
basketball_court_260.jpg,3
basketball_court_264.jpg,3
basketball_court_269.jpg,3
basketball_court_270.jpg,3
basketball_court_295.jpg,3
basketball_court_323.jpg,3
basketball_court_324.jpg,3
basketball_court_330.jpg,3
basketball_court_356.jpg,3
basketball_court_358.jpg,3
basketball_court_361.jpg,3
basketball_court_390.jpg,3
basketball_court_402.jpg,3
basketball_court_403.jpg,3
basketball_court_428.jpg,3
basketball_court_438.jpg,3
basketball_court_440.jpg,3
basketball_court_441.jpg,3
basketball_court_448.jpg,3
basketball_court_451.jpg,3
basketball_court_467.jpg,3
basketball_court_473.jpg,3
basketball_court_481.jpg,3
basketball_court_496.jpg,3
basketball_court_500.jpg,3
basketball_court_507.jpg,3
basketball_court_535.jpg,3
basketball_court_540.jpg,3
basketball_court_542.jpg,3
basketball_court_553.jpg,3
basketball_court_554.jpg,3
basketball_court_556.jpg,3
basketball_court_560.jpg,3
basketball_court_567.jpg,3
basketball_court_568.jpg,3
basketball_court_572.jpg,3
basketball_court_584.jpg,3
basketball_court_598.jpg,3
basketball_court_606.jpg,3
basketball_court_629.jpg,3
basketball_court_632.jpg,3
basketball_court_640.jpg,3
basketball_court_644.jpg,3
basketball_court_661.jpg,3
basketball_court_674.jpg,3
basketball_court_700.jpg,3
beach_026.jpg,4
beach_031.jpg,4
beach_041.jpg,4
beach_044.jpg,4
beach_052.jpg,4
beach_055.jpg,4
beach_058.jpg,4
beach_061.jpg,4
beach_071.jpg,4
beach_081.jpg,4
beach_134.jpg,4
beach_140.jpg,4
beach_154.jpg,4
beach_160.jpg,4
beach_163.jpg,4
beach_164.jpg,4
beach_175.jpg,4
beach_186.jpg,4
beach_190.jpg,4
beach_197.jpg,4
beach_200.jpg,4
beach_214.jpg,4
beach_227.jpg,4
beach_259.jpg,4
beach_260.jpg,4
beach_264.jpg,4
beach_269.jpg,4
beach_270.jpg,4
beach_295.jpg,4
beach_323.jpg,4
beach_324.jpg,4
beach_330.jpg,4
beach_356.jpg,4
beach_358.jpg,4
beach_361.jpg,4
beach_390.jpg,4
beach_402.jpg,4
beach_403.jpg,4
beach_428.jpg,4
beach_438.jpg,4
beach_440.jpg,4
beach_441.jpg,4
beach_448.jpg,4
beach_451.jpg,4
beach_467.jpg,4
beach_473.jpg,4
beach_481.jpg,4
beach_496.jpg,4
beach_500.jpg,4
beach_507.jpg,4
beach_535.jpg,4
beach_540.jpg,4
beach_542.jpg,4
beach_553.jpg,4
beach_554.jpg,4
beach_556.jpg,4
beach_560.jpg,4
beach_567.jpg,4
beach_568.jpg,4
beach_572.jpg,4
beach_584.jpg,4
beach_598.jpg,4
beach_606.jpg,4
beach_629.jpg,4
beach_632.jpg,4
beach_640.jpg,4
beach_644.jpg,4
beach_661.jpg,4
beach_674.jpg,4
beach_700.jpg,4
bridge_026.jpg,5
bridge_031.jpg,5
bridge_041.jpg,5
bridge_044.jpg,5
bridge_052.jpg,5
bridge_055.jpg,5
bridge_058.jpg,5
bridge_061.jpg,5
bridge_071.jpg,5
bridge_081.jpg,5
bridge_134.jpg,5
bridge_140.jpg,5
bridge_154.jpg,5
bridge_160.jpg,5
bridge_163.jpg,5
bridge_164.jpg,5
bridge_175.jpg,5
bridge_186.jpg,5
bridge_190.jpg,5
bridge_197.jpg,5
bridge_200.jpg,5
bridge_214.jpg,5
bridge_227.jpg,5
bridge_259.jpg,5
bridge_260.jpg,5
bridge_264.jpg,5
bridge_269.jpg,5
bridge_270.jpg,5
bridge_295.jpg,5
bridge_323.jpg,5
bridge_324.jpg,5
bridge_330.jpg,5
bridge_356.jpg,5
bridge_358.jpg,5
bridge_361.jpg,5
bridge_390.jpg,5
bridge_402.jpg,5
bridge_403.jpg,5
bridge_428.jpg,5
bridge_438.jpg,5
bridge_440.jpg,5
bridge_441.jpg,5
bridge_448.jpg,5
bridge_451.jpg,5
bridge_467.jpg,5
bridge_473.jpg,27
bridge_481.jpg,5
bridge_496.jpg,5
bridge_500.jpg,5
bridge_507.jpg,5
bridge_535.jpg,5
bridge_540.jpg,5
bridge_542.jpg,5
bridge_553.jpg,5
bridge_554.jpg,5
bridge_556.jpg,5
bridge_560.jpg,5
bridge_567.jpg,5
bridge_568.jpg,5
bridge_572.jpg,5
bridge_584.jpg,5
bridge_598.jpg,5
bridge_606.jpg,5
bridge_629.jpg,5
bridge_632.jpg,5
bridge_640.jpg,5
bridge_644.jpg,5
bridge_661.jpg,5
bridge_674.jpg,5
bridge_700.jpg,5
chaparral_014.jpg,6
chaparral_017.jpg,6
chaparral_028.jpg,6
chaparral_045.jpg,6
chaparral_049.jpg,6
chaparral_058.jpg,6
chaparral_083.jpg,6
chaparral_102.jpg,6
chaparral_121.jpg,6
chaparral_208.jpg,6
chaparral_229.jpg,6
chaparral_256.jpg,6
chaparral_268.jpg,6
chaparral_303.jpg,6
chaparral_329.jpg,6
chaparral_392.jpg,6
chaparral_450.jpg,6
chaparral_467.jpg,6
chaparral_491.jpg,6
chaparral_521.jpg,6
chaparral_539.jpg,6
chaparral_596.jpg,6
chaparral_620.jpg,6
chaparral_621.jpg,6
chaparral_641.jpg,6
chaparral_647.jpg,6
chaparral_650.jpg,6
chaparral_652.jpg,6
chaparral_690.jpg,6
chaparral_692.jpg,6
church_026.jpg,7
church_031.jpg,7
church_041.jpg,7
church_044.jpg,7
church_052.jpg,27
church_055.jpg,7
church_058.jpg,7
church_061.jpg,7
church_071.jpg,7
church_081.jpg,7
church_134.jpg,7
church_140.jpg,7
church_154.jpg,27
church_160.jpg,7
church_163.jpg,7
church_164.jpg,7
church_175.jpg,7
church_186.jpg,27
church_190.jpg,7
church_197.jpg,7
church_200.jpg,7
church_214.jpg,7
church_227.jpg,7
church_259.jpg,7
church_260.jpg,7
church_264.jpg,7
church_269.jpg,7
church_270.jpg,7
church_295.jpg,27
church_323.jpg,7
church_324.jpg,7
church_330.jpg,7
church_356.jpg,7
church_358.jpg,7
church_361.jpg,7
church_390.jpg,7
church_402.jpg,7
church_403.jpg,7
church_428.jpg,7
church_438.jpg,7
church_440.jpg,7
church_441.jpg,7
church_448.jpg,27
church_451.jpg,7
church_467.jpg,7
church_473.jpg,7
church_481.jpg,7
church_496.jpg,7
church_500.jpg,7
church_507.jpg,7
church_535.jpg,7
church_540.jpg,7
church_542.jpg,7
church_553.jpg,7
church_554.jpg,7
church_556.jpg,7
church_560.jpg,7
church_567.jpg,7
church_568.jpg,7
church_572.jpg,7
church_584.jpg,7
church_598.jpg,7
church_606.jpg,10
church_629.jpg,7
church_632.jpg,7
church_640.jpg,27
church_644.jpg,7
church_661.jpg,7
church_674.jpg,7
church_700.jpg,7
circular_farmland_026.jpg,8
circular_farmland_031.jpg,8
circular_farmland_041.jpg,8
circular_farmland_044.jpg,8
circular_farmland_052.jpg,8
circular_farmland_055.jpg,8
circular_farmland_058.jpg,8
circular_farmland_061.jpg,8
circular_farmland_071.jpg,8
circular_farmland_081.jpg,8
circular_farmland_134.jpg,8
circular_farmland_140.jpg,8
circular_farmland_154.jpg,8
circular_farmland_160.jpg,8
circular_farmland_163.jpg,8
circular_farmland_164.jpg,8
circular_farmland_175.jpg,8
circular_farmland_186.jpg,8
circular_farmland_190.jpg,8
circular_farmland_197.jpg,8
circular_farmland_200.jpg,8
circular_farmland_214.jpg,8
circular_farmland_227.jpg,8
circular_farmland_259.jpg,8
circular_farmland_260.jpg,8
circular_farmland_264.jpg,8
circular_farmland_269.jpg,8
circular_farmland_270.jpg,8
circular_farmland_295.jpg,8
circular_farmland_323.jpg,8
circular_farmland_324.jpg,8
circular_farmland_330.jpg,8
circular_farmland_356.jpg,8
circular_farmland_358.jpg,8
circular_farmland_361.jpg,8
circular_farmland_390.jpg,8
circular_farmland_402.jpg,8
circular_farmland_403.jpg,8
circular_farmland_428.jpg,8
circular_farmland_438.jpg,8
circular_farmland_440.jpg,8
circular_farmland_441.jpg,8
circular_farmland_448.jpg,8
circular_farmland_451.jpg,8
circular_farmland_467.jpg,8
circular_farmland_473.jpg,8
circular_farmland_481.jpg,8
circular_farmland_496.jpg,8
circular_farmland_500.jpg,8
circular_farmland_507.jpg,8
circular_farmland_535.jpg,8
circular_farmland_540.jpg,8
circular_farmland_542.jpg,8
circular_farmland_553.jpg,8
circular_farmland_554.jpg,8
circular_farmland_556.jpg,8
circular_farmland_560.jpg,8
circular_farmland_567.jpg,8
circular_farmland_568.jpg,8
circular_farmland_572.jpg,8
circular_farmland_584.jpg,8
circular_farmland_598.jpg,8
circular_farmland_606.jpg,8
circular_farmland_629.jpg,8
circular_farmland_632.jpg,8
circular_farmland_640.jpg,8
circular_farmland_644.jpg,8
circular_farmland_661.jpg,8
circular_farmland_674.jpg,8
circular_farmland_700.jpg,8
cloud_026.jpg,9
cloud_031.jpg,9
cloud_041.jpg,9
cloud_044.jpg,9
cloud_052.jpg,9
cloud_055.jpg,9
cloud_058.jpg,9
cloud_061.jpg,9
cloud_071.jpg,9
cloud_081.jpg,9
cloud_134.jpg,9
cloud_140.jpg,9
cloud_148.jpg,9
cloud_151.jpg,9
cloud_153.jpg,9
cloud_154.jpg,9
cloud_165.jpg,9
cloud_176.jpg,9
cloud_180.jpg,9
cloud_187.jpg,9
cloud_190.jpg,9
cloud_204.jpg,9
cloud_207.jpg,9
cloud_211.jpg,9
cloud_239.jpg,9
cloud_240.jpg,9
cloud_244.jpg,9
cloud_249.jpg,9
cloud_250.jpg,9
cloud_275.jpg,43
cloud_303.jpg,9
cloud_304.jpg,9
cloud_310.jpg,9
cloud_336.jpg,9
cloud_338.jpg,9
cloud_341.jpg,9
cloud_370.jpg,9
cloud_382.jpg,9
cloud_383.jpg,9
cloud_408.jpg,9
cloud_418.jpg,9
cloud_420.jpg,9
cloud_421.jpg,9
cloud_428.jpg,9
cloud_431.jpg,9
cloud_447.jpg,9
cloud_453.jpg,9
cloud_461.jpg,9
cloud_476.jpg,9
cloud_480.jpg,9
cloud_487.jpg,9
cloud_515.jpg,9
cloud_520.jpg,9
cloud_522.jpg,9
cloud_533.jpg,9
cloud_534.jpg,9
cloud_536.jpg,9
cloud_540.jpg,9
cloud_547.jpg,9
cloud_548.jpg,9
cloud_552.jpg,9
cloud_578.jpg,9
cloud_602.jpg,9
cloud_607.jpg,9
cloud_625.jpg,9
cloud_628.jpg,9
cloud_629.jpg,9
cloud_636.jpg,9
cloud_640.jpg,9
cloud_659.jpg,9
cloud_672.jpg,9
cloud_696.jpg,9
commercial_area_026.jpg,10
commercial_area_031.jpg,10
commercial_area_041.jpg,10
commercial_area_044.jpg,10
commercial_area_052.jpg,10
commercial_area_055.jpg,10
commercial_area_058.jpg,10
commercial_area_061.jpg,10
commercial_area_071.jpg,10
commercial_area_081.jpg,10
commercial_area_134.jpg,10
commercial_area_140.jpg,10
commercial_area_154.jpg,10
commercial_area_160.jpg,10
commercial_area_163.jpg,10
commercial_area_164.jpg,10
commercial_area_175.jpg,10
commercial_area_186.jpg,10
commercial_area_190.jpg,7
commercial_area_197.jpg,10
commercial_area_200.jpg,10
commercial_area_214.jpg,10
commercial_area_227.jpg,7
commercial_area_259.jpg,10
commercial_area_260.jpg,10
commercial_area_264.jpg,10
commercial_area_269.jpg,27
commercial_area_270.jpg,10
commercial_area_295.jpg,10
commercial_area_323.jpg,10
commercial_area_324.jpg,10
commercial_area_330.jpg,10
commercial_area_356.jpg,10
commercial_area_358.jpg,10
commercial_area_361.jpg,10
commercial_area_390.jpg,10
commercial_area_402.jpg,10
commercial_area_403.jpg,10
commercial_area_428.jpg,10
commercial_area_438.jpg,10
commercial_area_440.jpg,10
commercial_area_441.jpg,10
commercial_area_448.jpg,10
commercial_area_451.jpg,10
commercial_area_467.jpg,10
commercial_area_473.jpg,10
commercial_area_481.jpg,10
commercial_area_496.jpg,10
commercial_area_500.jpg,10
commercial_area_507.jpg,10
commercial_area_535.jpg,10
commercial_area_540.jpg,10
commercial_area_542.jpg,10
commercial_area_553.jpg,10
commercial_area_554.jpg,10
commercial_area_556.jpg,10
commercial_area_560.jpg,10
commercial_area_567.jpg,10
commercial_area_568.jpg,10
commercial_area_572.jpg,10
commercial_area_584.jpg,10
commercial_area_598.jpg,10
commercial_area_606.jpg,10
commercial_area_629.jpg,10
commercial_area_632.jpg,10
commercial_area_640.jpg,10
commercial_area_644.jpg,10
commercial_area_661.jpg,7
commercial_area_674.jpg,10
commercial_area_700.jpg,10
dense_residential_026.jpg,11
dense_residential_031.jpg,11
dense_residential_041.jpg,11
dense_residential_044.jpg,11
dense_residential_052.jpg,11
dense_residential_055.jpg,11
dense_residential_058.jpg,11
dense_residential_061.jpg,11
dense_residential_071.jpg,11
dense_residential_081.jpg,23
dense_residential_134.jpg,11
dense_residential_140.jpg,11
dense_residential_154.jpg,11
dense_residential_160.jpg,23
dense_residential_163.jpg,11
dense_residential_164.jpg,11
dense_residential_175.jpg,11
dense_residential_186.jpg,11
dense_residential_190.jpg,11
dense_residential_197.jpg,11
dense_residential_200.jpg,11
dense_residential_214.jpg,11
dense_residential_227.jpg,11
dense_residential_259.jpg,11
dense_residential_260.jpg,11
dense_residential_264.jpg,11
dense_residential_269.jpg,11
dense_residential_270.jpg,11
dense_residential_295.jpg,11
dense_residential_323.jpg,11
dense_residential_324.jpg,11
dense_residential_330.jpg,11
dense_residential_356.jpg,11
dense_residential_358.jpg,11
dense_residential_361.jpg,11
dense_residential_390.jpg,11
dense_residential_402.jpg,11
dense_residential_403.jpg,11
dense_residential_428.jpg,11
dense_residential_438.jpg,11
dense_residential_440.jpg,11
dense_residential_441.jpg,11
dense_residential_448.jpg,11
dense_residential_451.jpg,11
dense_residential_467.jpg,11
dense_residential_473.jpg,23
dense_residential_481.jpg,11
dense_residential_496.jpg,11
dense_residential_500.jpg,11
dense_residential_507.jpg,11
dense_residential_535.jpg,11
dense_residential_540.jpg,11
dense_residential_542.jpg,23
dense_residential_553.jpg,11
dense_residential_554.jpg,11
dense_residential_556.jpg,11
dense_residential_560.jpg,23
dense_residential_567.jpg,11
dense_residential_568.jpg,11
dense_residential_572.jpg,11
dense_residential_584.jpg,11
dense_residential_598.jpg,11
dense_residential_606.jpg,11
dense_residential_629.jpg,11
dense_residential_632.jpg,11
dense_residential_640.jpg,11
dense_residential_644.jpg,11
dense_residential_661.jpg,11
dense_residential_674.jpg,11
dense_residential_700.jpg,11
desert_026.jpg,12
desert_031.jpg,25
desert_041.jpg,12
desert_044.jpg,12
desert_052.jpg,12
desert_055.jpg,12
desert_058.jpg,12
desert_061.jpg,12
desert_071.jpg,12
desert_081.jpg,12
desert_134.jpg,12
desert_140.jpg,12
desert_154.jpg,12
desert_160.jpg,12
desert_163.jpg,12
desert_164.jpg,12
desert_175.jpg,12
desert_186.jpg,25
desert_190.jpg,12
desert_197.jpg,12
desert_200.jpg,12
desert_214.jpg,12
desert_227.jpg,12
desert_259.jpg,12
desert_260.jpg,12
desert_264.jpg,12
desert_269.jpg,12
desert_270.jpg,12
desert_295.jpg,12
desert_323.jpg,12
desert_324.jpg,12
desert_330.jpg,12
desert_356.jpg,12
desert_358.jpg,12
desert_361.jpg,12
desert_390.jpg,12
desert_402.jpg,12
desert_403.jpg,12
desert_428.jpg,12
desert_438.jpg,12
desert_440.jpg,12
desert_441.jpg,12
desert_448.jpg,12
desert_451.jpg,12
desert_467.jpg,12
desert_473.jpg,12
desert_481.jpg,12
desert_496.jpg,12
desert_500.jpg,12
desert_507.jpg,12
desert_535.jpg,12
desert_540.jpg,12
desert_542.jpg,12
desert_553.jpg,12
desert_554.jpg,12
desert_556.jpg,37
desert_560.jpg,12
desert_567.jpg,12
desert_568.jpg,12
desert_572.jpg,12
desert_584.jpg,12
desert_598.jpg,12
desert_606.jpg,12
desert_629.jpg,12
desert_632.jpg,12
desert_640.jpg,12
desert_644.jpg,12
desert_661.jpg,12
desert_674.jpg,12
desert_700.jpg,12
forest_017.jpg,13
forest_021.jpg,13
forest_045.jpg,13
forest_046.jpg,13
forest_052.jpg,13
forest_060.jpg,13
forest_062.jpg,13
forest_101.jpg,13
forest_162.jpg,13
forest_174.jpg,13
forest_177.jpg,13
forest_188.jpg,13
forest_196.jpg,13
forest_226.jpg,13
forest_244.jpg,13
forest_346.jpg,13
forest_366.jpg,13
forest_391.jpg,13
forest_398.jpg,13
forest_457.jpg,13
forest_459.jpg,13
forest_478.jpg,13
forest_480.jpg,13
forest_486.jpg,13
forest_504.jpg,13
forest_513.jpg,13
forest_537.jpg,13
forest_541.jpg,13
forest_546.jpg,13
forest_564.jpg,13
forest_565.jpg,13
forest_569.jpg,13
forest_608.jpg,13
forest_641.jpg,13
forest_678.jpg,13
forest_686.jpg,13
forest_691.jpg,13
forest_700.jpg,13
freeway_026.jpg,14
freeway_031.jpg,14
freeway_041.jpg,14
freeway_044.jpg,14
freeway_052.jpg,14
freeway_055.jpg,14
freeway_058.jpg,14
freeway_061.jpg,14
freeway_071.jpg,14
freeway_081.jpg,14
freeway_134.jpg,14
freeway_140.jpg,14
freeway_154.jpg,14
freeway_160.jpg,26
freeway_163.jpg,14
freeway_164.jpg,14
freeway_175.jpg,14
freeway_186.jpg,14
freeway_190.jpg,14
freeway_197.jpg,14
freeway_200.jpg,30
freeway_214.jpg,14
freeway_227.jpg,14
freeway_259.jpg,14
freeway_260.jpg,14
freeway_264.jpg,14
freeway_269.jpg,14
freeway_270.jpg,18
freeway_295.jpg,14
freeway_323.jpg,14
freeway_324.jpg,14
freeway_330.jpg,14
freeway_356.jpg,14
freeway_358.jpg,14
freeway_361.jpg,14
freeway_390.jpg,14
freeway_402.jpg,14
freeway_403.jpg,14
freeway_428.jpg,14
freeway_438.jpg,14
freeway_440.jpg,14
freeway_441.jpg,14
freeway_448.jpg,14
freeway_451.jpg,14
freeway_467.jpg,14
freeway_473.jpg,14
freeway_481.jpg,14
freeway_496.jpg,14
freeway_500.jpg,14
freeway_507.jpg,14
freeway_535.jpg,14
freeway_540.jpg,14
freeway_542.jpg,14
freeway_553.jpg,14
freeway_554.jpg,14
freeway_556.jpg,14
freeway_560.jpg,14
freeway_567.jpg,14
freeway_568.jpg,29
freeway_572.jpg,14
freeway_584.jpg,14
freeway_598.jpg,14
freeway_606.jpg,19
freeway_629.jpg,14
freeway_632.jpg,14
freeway_640.jpg,14
freeway_644.jpg,14
freeway_661.jpg,14
freeway_674.jpg,14
freeway_700.jpg,29
golf_course_026.jpg,15
golf_course_031.jpg,15
golf_course_041.jpg,15
golf_course_044.jpg,15
golf_course_052.jpg,15
golf_course_055.jpg,15
golf_course_058.jpg,15
golf_course_061.jpg,15
golf_course_071.jpg,15
golf_course_081.jpg,15
golf_course_134.jpg,15
golf_course_140.jpg,15
golf_course_154.jpg,15
golf_course_160.jpg,15
golf_course_163.jpg,15
golf_course_164.jpg,15
golf_course_175.jpg,15
golf_course_186.jpg,15
golf_course_190.jpg,15
golf_course_197.jpg,15
golf_course_200.jpg,15
golf_course_214.jpg,15
golf_course_227.jpg,15
golf_course_259.jpg,15
golf_course_260.jpg,15
golf_course_264.jpg,15
golf_course_269.jpg,15
golf_course_270.jpg,15
golf_course_295.jpg,15
golf_course_323.jpg,15
golf_course_324.jpg,15
golf_course_330.jpg,15
golf_course_356.jpg,15
golf_course_358.jpg,15
golf_course_361.jpg,15
golf_course_390.jpg,15
golf_course_402.jpg,15
golf_course_403.jpg,15
golf_course_428.jpg,15
golf_course_438.jpg,15
golf_course_440.jpg,15
golf_course_441.jpg,15
golf_course_448.jpg,15
golf_course_451.jpg,15
golf_course_467.jpg,15
golf_course_473.jpg,15
golf_course_481.jpg,15
golf_course_496.jpg,15
golf_course_500.jpg,15
golf_course_507.jpg,15
golf_course_535.jpg,15
golf_course_540.jpg,15
golf_course_542.jpg,15
golf_course_553.jpg,15
golf_course_554.jpg,15
golf_course_556.jpg,15
golf_course_560.jpg,15
golf_course_567.jpg,15
golf_course_568.jpg,15
golf_course_572.jpg,15
golf_course_584.jpg,15
golf_course_598.jpg,15
golf_course_606.jpg,15
golf_course_629.jpg,15
golf_course_632.jpg,15
golf_course_640.jpg,15
golf_course_644.jpg,15
golf_course_661.jpg,15
golf_course_674.jpg,15
golf_course_700.jpg,15
ground_track_field_026.jpg,16
ground_track_field_031.jpg,16
ground_track_field_041.jpg,16
ground_track_field_044.jpg,16
ground_track_field_052.jpg,16
ground_track_field_055.jpg,16
ground_track_field_058.jpg,16
ground_track_field_061.jpg,16
ground_track_field_071.jpg,16
ground_track_field_081.jpg,16
ground_track_field_134.jpg,16
ground_track_field_140.jpg,16
ground_track_field_154.jpg,16
ground_track_field_160.jpg,39
ground_track_field_163.jpg,16
ground_track_field_164.jpg,16
ground_track_field_175.jpg,16
ground_track_field_186.jpg,16
ground_track_field_190.jpg,16
ground_track_field_197.jpg,16
ground_track_field_200.jpg,16
ground_track_field_214.jpg,16
ground_track_field_227.jpg,16
ground_track_field_259.jpg,16
ground_track_field_260.jpg,16
ground_track_field_264.jpg,16
ground_track_field_269.jpg,16
ground_track_field_270.jpg,16
ground_track_field_295.jpg,16
ground_track_field_323.jpg,16
ground_track_field_324.jpg,16
ground_track_field_330.jpg,16
ground_track_field_356.jpg,16
ground_track_field_358.jpg,16
ground_track_field_361.jpg,16
ground_track_field_390.jpg,16
ground_track_field_402.jpg,16
ground_track_field_403.jpg,16
ground_track_field_428.jpg,16
ground_track_field_438.jpg,16
ground_track_field_440.jpg,16
ground_track_field_441.jpg,16
ground_track_field_448.jpg,16
ground_track_field_451.jpg,16
ground_track_field_467.jpg,27
ground_track_field_473.jpg,16
ground_track_field_481.jpg,16
ground_track_field_496.jpg,16
ground_track_field_500.jpg,16
ground_track_field_507.jpg,39
ground_track_field_535.jpg,16
ground_track_field_540.jpg,16
ground_track_field_542.jpg,16
ground_track_field_553.jpg,16
ground_track_field_554.jpg,16
ground_track_field_556.jpg,16
ground_track_field_560.jpg,16
ground_track_field_567.jpg,16
ground_track_field_568.jpg,16
ground_track_field_572.jpg,39
ground_track_field_584.jpg,16
ground_track_field_598.jpg,16
ground_track_field_606.jpg,16
ground_track_field_629.jpg,16
ground_track_field_632.jpg,16
ground_track_field_640.jpg,16
ground_track_field_644.jpg,16
ground_track_field_661.jpg,16
ground_track_field_674.jpg,16
ground_track_field_700.jpg,16
harbor_026.jpg,17
harbor_031.jpg,17
harbor_041.jpg,17
harbor_044.jpg,17
harbor_052.jpg,17
harbor_055.jpg,17
harbor_058.jpg,17
harbor_061.jpg,17
harbor_071.jpg,17
harbor_081.jpg,17
harbor_134.jpg,17
harbor_140.jpg,17
harbor_154.jpg,17
harbor_160.jpg,17
harbor_163.jpg,17
harbor_164.jpg,17
harbor_175.jpg,17
harbor_186.jpg,17
harbor_190.jpg,17
harbor_197.jpg,17
harbor_200.jpg,17
harbor_214.jpg,17
harbor_227.jpg,17
harbor_259.jpg,17
harbor_260.jpg,17
harbor_264.jpg,17
harbor_269.jpg,17
harbor_270.jpg,17
harbor_295.jpg,17
harbor_323.jpg,17
harbor_324.jpg,17
harbor_330.jpg,17
harbor_356.jpg,17
harbor_358.jpg,17
harbor_361.jpg,17
harbor_390.jpg,17
harbor_402.jpg,17
harbor_403.jpg,17
harbor_428.jpg,17
harbor_438.jpg,17
harbor_440.jpg,17
harbor_441.jpg,17
harbor_448.jpg,17
harbor_451.jpg,17
harbor_467.jpg,17
harbor_473.jpg,17
harbor_481.jpg,17
harbor_496.jpg,17
harbor_500.jpg,17
harbor_507.jpg,17
harbor_535.jpg,17
harbor_540.jpg,17
harbor_542.jpg,17
harbor_553.jpg,17
harbor_554.jpg,17
harbor_556.jpg,17
harbor_560.jpg,17
harbor_567.jpg,17
harbor_568.jpg,17
harbor_572.jpg,17
harbor_584.jpg,17
harbor_598.jpg,17
harbor_606.jpg,17
harbor_629.jpg,17
harbor_632.jpg,17
harbor_640.jpg,17
harbor_644.jpg,17
harbor_661.jpg,17
harbor_674.jpg,17
harbor_700.jpg,17
industrial_area_026.jpg,18
industrial_area_031.jpg,18
industrial_area_041.jpg,18
industrial_area_044.jpg,18
industrial_area_052.jpg,18
industrial_area_055.jpg,18
industrial_area_058.jpg,18
industrial_area_061.jpg,18
industrial_area_071.jpg,10
industrial_area_081.jpg,18
industrial_area_134.jpg,18
industrial_area_140.jpg,18
industrial_area_154.jpg,18
industrial_area_160.jpg,18
industrial_area_163.jpg,18
industrial_area_164.jpg,18
industrial_area_175.jpg,18
industrial_area_186.jpg,18
industrial_area_190.jpg,18
industrial_area_197.jpg,18
industrial_area_200.jpg,27
industrial_area_214.jpg,18
industrial_area_227.jpg,18
industrial_area_259.jpg,10
industrial_area_260.jpg,18
industrial_area_264.jpg,18
industrial_area_269.jpg,18
industrial_area_270.jpg,18
industrial_area_295.jpg,18
industrial_area_323.jpg,18
industrial_area_324.jpg,27
industrial_area_330.jpg,18
industrial_area_356.jpg,18
industrial_area_358.jpg,1
industrial_area_361.jpg,18
industrial_area_390.jpg,18
industrial_area_402.jpg,18
industrial_area_403.jpg,18
industrial_area_428.jpg,18
industrial_area_438.jpg,18
industrial_area_440.jpg,18
industrial_area_441.jpg,18
industrial_area_448.jpg,43
industrial_area_451.jpg,18
industrial_area_467.jpg,18
industrial_area_473.jpg,18
industrial_area_481.jpg,18
industrial_area_496.jpg,10
industrial_area_500.jpg,30
industrial_area_507.jpg,18
industrial_area_535.jpg,18
industrial_area_540.jpg,18
industrial_area_542.jpg,18
industrial_area_553.jpg,18
industrial_area_554.jpg,18
industrial_area_556.jpg,18
industrial_area_560.jpg,18
industrial_area_567.jpg,18
industrial_area_568.jpg,18
industrial_area_572.jpg,18
industrial_area_584.jpg,18
industrial_area_598.jpg,18
industrial_area_606.jpg,18
industrial_area_629.jpg,18
industrial_area_632.jpg,18
industrial_area_640.jpg,18
industrial_area_644.jpg,18
industrial_area_661.jpg,18
industrial_area_674.jpg,18
industrial_area_700.jpg,18
intersection_026.jpg,19
intersection_031.jpg,19
intersection_041.jpg,19
intersection_044.jpg,19
intersection_052.jpg,19
intersection_055.jpg,19
intersection_058.jpg,19
intersection_061.jpg,19
intersection_071.jpg,19
intersection_081.jpg,19
intersection_134.jpg,19
intersection_140.jpg,19
intersection_154.jpg,19
intersection_160.jpg,19
intersection_163.jpg,19
intersection_164.jpg,19
intersection_175.jpg,19
intersection_186.jpg,19
intersection_190.jpg,19
intersection_197.jpg,19
intersection_200.jpg,19
intersection_214.jpg,19
intersection_227.jpg,19
intersection_259.jpg,19
intersection_260.jpg,19
intersection_264.jpg,19
intersection_269.jpg,19
intersection_270.jpg,19
intersection_295.jpg,19
intersection_323.jpg,19
intersection_324.jpg,19
intersection_330.jpg,19
intersection_356.jpg,19
intersection_358.jpg,19
intersection_361.jpg,19
intersection_390.jpg,19
intersection_402.jpg,19
intersection_403.jpg,19
intersection_428.jpg,19
intersection_438.jpg,19
intersection_440.jpg,19
intersection_441.jpg,19
intersection_448.jpg,19
intersection_451.jpg,19
intersection_467.jpg,19
intersection_473.jpg,19
intersection_481.jpg,19
intersection_496.jpg,19
intersection_500.jpg,41
intersection_507.jpg,19
intersection_535.jpg,19
intersection_540.jpg,19
intersection_542.jpg,19
intersection_553.jpg,19
intersection_554.jpg,19
intersection_556.jpg,19
intersection_560.jpg,19
intersection_567.jpg,19
intersection_568.jpg,19
intersection_572.jpg,19
intersection_584.jpg,19
intersection_598.jpg,19
intersection_606.jpg,19
intersection_629.jpg,19
intersection_632.jpg,19
intersection_640.jpg,19
intersection_644.jpg,19
intersection_661.jpg,19
intersection_674.jpg,19
intersection_700.jpg,19
island_026.jpg,20
island_031.jpg,20
island_041.jpg,20
island_044.jpg,20
island_052.jpg,20
island_055.jpg,20
island_058.jpg,20
island_061.jpg,20
island_071.jpg,20
island_081.jpg,20
island_134.jpg,20
island_140.jpg,20
island_154.jpg,20
island_160.jpg,20
island_163.jpg,20
island_164.jpg,20
island_175.jpg,20
island_186.jpg,20
island_190.jpg,20
island_197.jpg,20
island_200.jpg,20
island_214.jpg,20
island_227.jpg,20
island_259.jpg,20
island_260.jpg,20
island_264.jpg,32
island_269.jpg,20
island_270.jpg,20
island_295.jpg,20
island_323.jpg,20
island_324.jpg,12
island_330.jpg,20
island_356.jpg,20
island_358.jpg,20
island_361.jpg,20
island_390.jpg,15
island_402.jpg,20
island_403.jpg,20
island_428.jpg,20
island_438.jpg,20
island_440.jpg,20
island_441.jpg,20
island_448.jpg,20
island_451.jpg,20
island_467.jpg,20
island_473.jpg,20
island_481.jpg,20
island_496.jpg,20
island_500.jpg,20
island_507.jpg,20
island_535.jpg,9
island_540.jpg,20
island_542.jpg,20
island_553.jpg,20
island_554.jpg,20
island_556.jpg,20
island_560.jpg,20
island_567.jpg,20
island_568.jpg,20
island_572.jpg,20
island_584.jpg,20
island_598.jpg,20
island_606.jpg,20
island_629.jpg,20
island_632.jpg,20
island_640.jpg,20
island_644.jpg,20
island_661.jpg,20
island_674.jpg,20
island_700.jpg,20
lake_026.jpg,21
lake_031.jpg,21
lake_041.jpg,21
lake_044.jpg,21
lake_052.jpg,21
lake_055.jpg,21
lake_058.jpg,21
lake_061.jpg,21
lake_071.jpg,21
lake_081.jpg,21
lake_134.jpg,21
lake_140.jpg,21
lake_154.jpg,21
lake_160.jpg,21
lake_163.jpg,21
lake_164.jpg,21
lake_175.jpg,21
lake_186.jpg,21
lake_190.jpg,21
lake_197.jpg,21
lake_200.jpg,21
lake_214.jpg,21
lake_227.jpg,21
lake_259.jpg,21
lake_260.jpg,21
lake_264.jpg,21
lake_269.jpg,21
lake_270.jpg,21
lake_295.jpg,4
lake_323.jpg,21
lake_324.jpg,21
lake_330.jpg,21
lake_356.jpg,21
lake_358.jpg,21
lake_361.jpg,21
lake_390.jpg,21
lake_402.jpg,21
lake_403.jpg,21
lake_428.jpg,21
lake_438.jpg,21
lake_440.jpg,21
lake_441.jpg,21
lake_448.jpg,21
lake_451.jpg,21
lake_467.jpg,21
lake_473.jpg,44
lake_481.jpg,21
lake_496.jpg,21
lake_500.jpg,21
lake_507.jpg,21
lake_535.jpg,21
lake_540.jpg,21
lake_542.jpg,21
lake_553.jpg,21
lake_554.jpg,21
lake_556.jpg,21
lake_560.jpg,21
lake_567.jpg,21
lake_568.jpg,4
lake_572.jpg,21
lake_584.jpg,21
lake_598.jpg,21
lake_606.jpg,21
lake_629.jpg,21
lake_632.jpg,21
lake_640.jpg,21
lake_644.jpg,21
lake_661.jpg,21
lake_674.jpg,21
lake_700.jpg,21
meadow_026.jpg,22
meadow_031.jpg,22
meadow_041.jpg,22
meadow_044.jpg,22
meadow_052.jpg,22
meadow_055.jpg,22
meadow_058.jpg,22
meadow_061.jpg,22
meadow_071.jpg,22
meadow_081.jpg,22
meadow_134.jpg,22
meadow_140.jpg,22
meadow_154.jpg,22
meadow_160.jpg,22
meadow_163.jpg,22
meadow_164.jpg,22
meadow_175.jpg,22
meadow_186.jpg,22
meadow_190.jpg,22
meadow_197.jpg,22
meadow_200.jpg,22
meadow_214.jpg,22
meadow_227.jpg,22
meadow_259.jpg,22
meadow_260.jpg,22
meadow_264.jpg,22
meadow_269.jpg,44
meadow_270.jpg,22
meadow_295.jpg,22
meadow_323.jpg,22
meadow_324.jpg,22
meadow_330.jpg,22
meadow_356.jpg,22
meadow_358.jpg,22
meadow_361.jpg,22
meadow_390.jpg,22
meadow_402.jpg,22
meadow_403.jpg,22
meadow_428.jpg,22
meadow_438.jpg,22
meadow_440.jpg,22
meadow_441.jpg,22
meadow_448.jpg,22
meadow_451.jpg,22
meadow_467.jpg,22
meadow_473.jpg,22
meadow_481.jpg,22
meadow_496.jpg,22
meadow_500.jpg,22
meadow_507.jpg,22
meadow_535.jpg,3
meadow_540.jpg,22
meadow_542.jpg,44
meadow_553.jpg,22
meadow_554.jpg,22
meadow_556.jpg,22
meadow_560.jpg,22
meadow_567.jpg,22
meadow_568.jpg,22
meadow_572.jpg,22
meadow_584.jpg,22
meadow_598.jpg,22
meadow_606.jpg,22
meadow_629.jpg,22
meadow_632.jpg,22
meadow_640.jpg,22
meadow_644.jpg,22
meadow_661.jpg,22
meadow_674.jpg,22
meadow_700.jpg,22
medium_residential_026.jpg,23
medium_residential_031.jpg,23
medium_residential_041.jpg,23
medium_residential_044.jpg,23
medium_residential_052.jpg,23
medium_residential_055.jpg,23
medium_residential_058.jpg,23
medium_residential_061.jpg,23
medium_residential_071.jpg,11
medium_residential_081.jpg,23
medium_residential_134.jpg,23
medium_residential_140.jpg,23
medium_residential_154.jpg,23
medium_residential_160.jpg,23
medium_residential_163.jpg,23
medium_residential_164.jpg,23
medium_residential_175.jpg,23
medium_residential_186.jpg,23
medium_residential_190.jpg,23
medium_residential_197.jpg,23
medium_residential_200.jpg,38
medium_residential_214.jpg,23
medium_residential_227.jpg,23
medium_residential_259.jpg,23
medium_residential_260.jpg,23
medium_residential_264.jpg,23
medium_residential_269.jpg,23
medium_residential_270.jpg,23
medium_residential_295.jpg,38
medium_residential_323.jpg,23
medium_residential_324.jpg,11
medium_residential_330.jpg,23
medium_residential_356.jpg,23
medium_residential_358.jpg,23
medium_residential_361.jpg,23
medium_residential_390.jpg,23
medium_residential_402.jpg,23
medium_residential_403.jpg,23
medium_residential_428.jpg,23
medium_residential_438.jpg,23
medium_residential_440.jpg,23
medium_residential_441.jpg,23
medium_residential_448.jpg,23
medium_residential_451.jpg,23
medium_residential_467.jpg,23
medium_residential_473.jpg,23
medium_residential_481.jpg,23
medium_residential_496.jpg,23
medium_residential_500.jpg,23
medium_residential_507.jpg,23
medium_residential_535.jpg,23
medium_residential_540.jpg,23
medium_residential_542.jpg,23
medium_residential_553.jpg,23
medium_residential_554.jpg,23
medium_residential_556.jpg,23
medium_residential_560.jpg,23
medium_residential_567.jpg,23
medium_residential_568.jpg,23
medium_residential_572.jpg,23
medium_residential_584.jpg,23
medium_residential_598.jpg,23
medium_residential_606.jpg,23
medium_residential_629.jpg,23
medium_residential_632.jpg,23
medium_residential_640.jpg,23
medium_residential_644.jpg,23
medium_residential_661.jpg,23
medium_residential_674.jpg,23
medium_residential_700.jpg,23
mobile_home_park_026.jpg,24
mobile_home_park_031.jpg,24
mobile_home_park_041.jpg,24
mobile_home_park_044.jpg,24
mobile_home_park_052.jpg,24
mobile_home_park_055.jpg,24
mobile_home_park_058.jpg,24
mobile_home_park_061.jpg,24
mobile_home_park_071.jpg,24
mobile_home_park_081.jpg,24
mobile_home_park_134.jpg,24
mobile_home_park_140.jpg,24
mobile_home_park_154.jpg,24
mobile_home_park_160.jpg,24
mobile_home_park_163.jpg,23
mobile_home_park_164.jpg,24
mobile_home_park_175.jpg,24
mobile_home_park_186.jpg,24
mobile_home_park_190.jpg,24
mobile_home_park_197.jpg,24
mobile_home_park_200.jpg,27
mobile_home_park_214.jpg,24
mobile_home_park_227.jpg,24
mobile_home_park_259.jpg,24
mobile_home_park_260.jpg,24
mobile_home_park_264.jpg,24
mobile_home_park_269.jpg,24
mobile_home_park_270.jpg,24
mobile_home_park_295.jpg,24
mobile_home_park_323.jpg,24
mobile_home_park_324.jpg,24
mobile_home_park_330.jpg,24
mobile_home_park_356.jpg,24
mobile_home_park_358.jpg,24
mobile_home_park_361.jpg,24
mobile_home_park_390.jpg,24
mobile_home_park_402.jpg,24
mobile_home_park_403.jpg,24
mobile_home_park_428.jpg,24
mobile_home_park_438.jpg,24
mobile_home_park_440.jpg,24
mobile_home_park_441.jpg,24
mobile_home_park_448.jpg,24
mobile_home_park_451.jpg,24
mobile_home_park_467.jpg,24
mobile_home_park_473.jpg,24
mobile_home_park_481.jpg,24
mobile_home_park_496.jpg,24
mobile_home_park_500.jpg,24
mobile_home_park_507.jpg,24
mobile_home_park_535.jpg,24
mobile_home_park_540.jpg,24
mobile_home_park_542.jpg,24
mobile_home_park_553.jpg,24
mobile_home_park_554.jpg,24
mobile_home_park_556.jpg,24
mobile_home_park_560.jpg,24
mobile_home_park_567.jpg,24
mobile_home_park_568.jpg,24
mobile_home_park_572.jpg,24
mobile_home_park_584.jpg,24
mobile_home_park_598.jpg,24
mobile_home_park_606.jpg,24
mobile_home_park_629.jpg,24
mobile_home_park_632.jpg,24
mobile_home_park_640.jpg,24
mobile_home_park_644.jpg,24
mobile_home_park_661.jpg,24
mobile_home_park_674.jpg,24
mobile_home_park_700.jpg,24
mountain_026.jpg,25
mountain_031.jpg,25
mountain_041.jpg,25
mountain_044.jpg,25
mountain_052.jpg,25
mountain_055.jpg,25
mountain_058.jpg,25
mountain_061.jpg,25
mountain_071.jpg,25
mountain_081.jpg,25
mountain_134.jpg,25
mountain_140.jpg,25
mountain_154.jpg,25
mountain_160.jpg,25
mountain_163.jpg,25
mountain_164.jpg,25
mountain_175.jpg,25
mountain_186.jpg,25
mountain_190.jpg,25
mountain_197.jpg,25
mountain_200.jpg,25
mountain_214.jpg,12
mountain_227.jpg,25
mountain_259.jpg,25
mountain_260.jpg,25
mountain_264.jpg,25
mountain_269.jpg,25
mountain_270.jpg,25
mountain_295.jpg,25
mountain_323.jpg,25
mountain_324.jpg,25
mountain_330.jpg,37
mountain_356.jpg,25
mountain_358.jpg,25
mountain_361.jpg,25
mountain_390.jpg,25
mountain_402.jpg,25
mountain_403.jpg,25
mountain_428.jpg,25
mountain_438.jpg,25
mountain_440.jpg,25
mountain_441.jpg,25
mountain_448.jpg,25
mountain_451.jpg,25
mountain_467.jpg,25
mountain_473.jpg,12
mountain_481.jpg,25
mountain_496.jpg,25
mountain_500.jpg,25
mountain_507.jpg,12
mountain_535.jpg,12
mountain_540.jpg,25
mountain_542.jpg,25
mountain_553.jpg,25
mountain_554.jpg,25
mountain_556.jpg,25
mountain_560.jpg,37
mountain_567.jpg,25
mountain_568.jpg,25
mountain_572.jpg,25
mountain_584.jpg,25
mountain_598.jpg,25
mountain_606.jpg,25
mountain_629.jpg,25
mountain_632.jpg,12
mountain_640.jpg,25
mountain_644.jpg,25
mountain_661.jpg,25
mountain_674.jpg,25
mountain_700.jpg,25
overpass_026.jpg,26
overpass_031.jpg,26
overpass_041.jpg,26
overpass_044.jpg,26
overpass_052.jpg,26
overpass_055.jpg,26
overpass_058.jpg,26
overpass_061.jpg,26
overpass_071.jpg,26
overpass_081.jpg,26
overpass_134.jpg,26
overpass_140.jpg,26
overpass_154.jpg,26
overpass_160.jpg,26
overpass_163.jpg,26
overpass_164.jpg,26
overpass_175.jpg,26
overpass_186.jpg,26
overpass_190.jpg,26
overpass_197.jpg,26
overpass_200.jpg,26
overpass_214.jpg,26
overpass_227.jpg,26
overpass_259.jpg,26
overpass_260.jpg,26
overpass_264.jpg,26
overpass_269.jpg,26
overpass_270.jpg,26
overpass_295.jpg,26
overpass_323.jpg,26
overpass_324.jpg,26
overpass_330.jpg,26
overpass_356.jpg,26
overpass_358.jpg,26
overpass_361.jpg,26
overpass_390.jpg,26
overpass_402.jpg,26
overpass_403.jpg,26
overpass_428.jpg,26
overpass_438.jpg,26
overpass_440.jpg,30
overpass_441.jpg,26
overpass_448.jpg,26
overpass_451.jpg,26
overpass_467.jpg,14
overpass_473.jpg,26
overpass_481.jpg,26
overpass_496.jpg,26
overpass_500.jpg,26
overpass_507.jpg,26
overpass_535.jpg,26
overpass_540.jpg,26
overpass_542.jpg,26
overpass_553.jpg,26
overpass_554.jpg,26
overpass_556.jpg,26
overpass_560.jpg,26
overpass_567.jpg,26
overpass_568.jpg,26
overpass_572.jpg,26
overpass_584.jpg,26
overpass_598.jpg,26
overpass_606.jpg,26
overpass_629.jpg,26
overpass_632.jpg,26
overpass_640.jpg,26
overpass_644.jpg,26
overpass_661.jpg,26
overpass_674.jpg,26
overpass_700.jpg,26
palace_026.jpg,27
palace_031.jpg,27
palace_041.jpg,27
palace_044.jpg,27
palace_052.jpg,27
palace_055.jpg,27
palace_058.jpg,27
palace_061.jpg,27
palace_071.jpg,27
palace_081.jpg,27
palace_134.jpg,27
palace_140.jpg,27
palace_154.jpg,27
palace_160.jpg,27
palace_163.jpg,27
palace_164.jpg,27
palace_175.jpg,27
palace_186.jpg,27
palace_190.jpg,27
palace_197.jpg,27
palace_200.jpg,7
palace_214.jpg,27
palace_227.jpg,27
palace_259.jpg,27
palace_260.jpg,27
palace_264.jpg,27
palace_269.jpg,27
palace_270.jpg,7
palace_295.jpg,27
palace_323.jpg,27
palace_324.jpg,27
palace_330.jpg,27
palace_356.jpg,7
palace_358.jpg,27
palace_361.jpg,27
palace_390.jpg,7
palace_402.jpg,27
palace_403.jpg,27
palace_428.jpg,7
palace_438.jpg,27
palace_440.jpg,27
palace_441.jpg,27
palace_448.jpg,27
palace_451.jpg,27
palace_467.jpg,27
palace_473.jpg,27
palace_481.jpg,27
palace_496.jpg,27
palace_500.jpg,27
palace_507.jpg,27
palace_535.jpg,27
palace_540.jpg,27
palace_542.jpg,27
palace_553.jpg,27
palace_554.jpg,27
palace_556.jpg,27
palace_560.jpg,27
palace_567.jpg,27
palace_568.jpg,27
palace_572.jpg,27
palace_584.jpg,27
palace_598.jpg,27
palace_606.jpg,27
palace_629.jpg,27
palace_632.jpg,27
palace_640.jpg,27
palace_644.jpg,7
palace_661.jpg,27
palace_674.jpg,27
palace_700.jpg,27
parking_lot_026.jpg,28
parking_lot_031.jpg,28
parking_lot_041.jpg,28
parking_lot_044.jpg,28
parking_lot_052.jpg,28
parking_lot_055.jpg,28
parking_lot_058.jpg,28
parking_lot_061.jpg,28
parking_lot_071.jpg,28
parking_lot_081.jpg,28
parking_lot_134.jpg,28
parking_lot_140.jpg,28
parking_lot_154.jpg,28
parking_lot_160.jpg,28
parking_lot_163.jpg,28
parking_lot_164.jpg,28
parking_lot_175.jpg,28
parking_lot_186.jpg,28
parking_lot_190.jpg,28
parking_lot_197.jpg,28
parking_lot_200.jpg,28
parking_lot_214.jpg,28
parking_lot_227.jpg,28
parking_lot_259.jpg,28
parking_lot_260.jpg,28
parking_lot_264.jpg,28
parking_lot_269.jpg,28
parking_lot_270.jpg,28
parking_lot_295.jpg,28
parking_lot_323.jpg,28
parking_lot_324.jpg,28
parking_lot_330.jpg,28
parking_lot_356.jpg,28
parking_lot_358.jpg,28
parking_lot_361.jpg,28
parking_lot_390.jpg,28
parking_lot_402.jpg,28
parking_lot_403.jpg,28
parking_lot_428.jpg,28
parking_lot_438.jpg,28
parking_lot_440.jpg,28
parking_lot_441.jpg,28
parking_lot_448.jpg,28
parking_lot_451.jpg,19
parking_lot_467.jpg,28
parking_lot_473.jpg,28
parking_lot_481.jpg,28
parking_lot_496.jpg,28
parking_lot_500.jpg,28
parking_lot_507.jpg,28
parking_lot_535.jpg,28
parking_lot_540.jpg,28
parking_lot_542.jpg,28
parking_lot_553.jpg,28
parking_lot_554.jpg,38
parking_lot_556.jpg,28
parking_lot_560.jpg,28
parking_lot_567.jpg,28
parking_lot_568.jpg,28
parking_lot_572.jpg,28
parking_lot_584.jpg,28
parking_lot_598.jpg,28
parking_lot_606.jpg,28
parking_lot_629.jpg,28
parking_lot_632.jpg,28
parking_lot_640.jpg,28
parking_lot_644.jpg,28
parking_lot_661.jpg,28
parking_lot_674.jpg,28
parking_lot_700.jpg,28
railway_026.jpg,29
railway_031.jpg,29
railway_041.jpg,29
railway_044.jpg,5
railway_052.jpg,29
railway_055.jpg,29
railway_058.jpg,29
railway_061.jpg,29
railway_071.jpg,29
railway_081.jpg,29
railway_134.jpg,29
railway_140.jpg,14
railway_154.jpg,29
railway_160.jpg,29
railway_163.jpg,29
railway_164.jpg,29
railway_175.jpg,29
railway_186.jpg,29
railway_190.jpg,29
railway_197.jpg,29
railway_200.jpg,29
railway_214.jpg,29
railway_227.jpg,29
railway_259.jpg,29
railway_260.jpg,29
railway_264.jpg,30
railway_269.jpg,29
railway_270.jpg,29
railway_295.jpg,29
railway_323.jpg,29
railway_324.jpg,29
railway_330.jpg,29
railway_356.jpg,29
railway_358.jpg,29
railway_361.jpg,29
railway_390.jpg,29
railway_402.jpg,29
railway_403.jpg,29
railway_428.jpg,29
railway_438.jpg,29
railway_440.jpg,18
railway_441.jpg,29
railway_448.jpg,29
railway_451.jpg,29
railway_467.jpg,29
railway_473.jpg,29
railway_481.jpg,29
railway_496.jpg,29
railway_500.jpg,29
railway_507.jpg,29
railway_535.jpg,29
railway_540.jpg,29
railway_542.jpg,29
railway_553.jpg,29
railway_554.jpg,29
railway_556.jpg,29
railway_560.jpg,29
railway_567.jpg,29
railway_568.jpg,29
railway_572.jpg,29
railway_584.jpg,29
railway_598.jpg,29
railway_606.jpg,29
railway_629.jpg,29
railway_632.jpg,29
railway_640.jpg,29
railway_644.jpg,29
railway_661.jpg,29
railway_674.jpg,29
railway_700.jpg,29
railway_station_026.jpg,30
railway_station_031.jpg,30
railway_station_041.jpg,30
railway_station_044.jpg,30
railway_station_052.jpg,30
railway_station_055.jpg,30
railway_station_058.jpg,30
railway_station_061.jpg,30
railway_station_071.jpg,30
railway_station_081.jpg,30
railway_station_134.jpg,30
railway_station_140.jpg,30
railway_station_154.jpg,30
railway_station_160.jpg,30
railway_station_163.jpg,30
railway_station_164.jpg,30
railway_station_175.jpg,30
railway_station_186.jpg,30
railway_station_190.jpg,30
railway_station_197.jpg,1
railway_station_200.jpg,30
railway_station_214.jpg,30
railway_station_227.jpg,30
railway_station_259.jpg,30
railway_station_260.jpg,30
railway_station_264.jpg,30
railway_station_269.jpg,30
railway_station_270.jpg,30
railway_station_295.jpg,30
railway_station_323.jpg,29
railway_station_324.jpg,30
railway_station_330.jpg,30
railway_station_356.jpg,30
railway_station_358.jpg,30
railway_station_361.jpg,30
railway_station_390.jpg,30
railway_station_402.jpg,30
railway_station_403.jpg,30
railway_station_428.jpg,30
railway_station_438.jpg,30
railway_station_440.jpg,30
railway_station_441.jpg,30
railway_station_448.jpg,30
railway_station_451.jpg,30
railway_station_467.jpg,30
railway_station_473.jpg,30
railway_station_481.jpg,30
railway_station_496.jpg,30
railway_station_500.jpg,30
railway_station_507.jpg,30
railway_station_535.jpg,30
railway_station_540.jpg,30
railway_station_542.jpg,30
railway_station_553.jpg,30
railway_station_554.jpg,10
railway_station_556.jpg,30
railway_station_560.jpg,30
railway_station_567.jpg,30
railway_station_568.jpg,30
railway_station_572.jpg,30
railway_station_584.jpg,30
railway_station_598.jpg,30
railway_station_606.jpg,30
railway_station_629.jpg,14
railway_station_632.jpg,30
railway_station_640.jpg,30
railway_station_644.jpg,30
railway_station_661.jpg,30
railway_station_674.jpg,30
railway_station_700.jpg,30
rectangular_farmland_026.jpg,31
rectangular_farmland_031.jpg,31
rectangular_farmland_041.jpg,31
rectangular_farmland_044.jpg,31
rectangular_farmland_052.jpg,31
rectangular_farmland_055.jpg,31
rectangular_farmland_058.jpg,31
rectangular_farmland_061.jpg,31
rectangular_farmland_071.jpg,31
rectangular_farmland_081.jpg,42
rectangular_farmland_134.jpg,31
rectangular_farmland_140.jpg,31
rectangular_farmland_154.jpg,31
rectangular_farmland_160.jpg,42
rectangular_farmland_163.jpg,31
rectangular_farmland_164.jpg,31
rectangular_farmland_175.jpg,31
rectangular_farmland_186.jpg,31
rectangular_farmland_190.jpg,31
rectangular_farmland_197.jpg,31
rectangular_farmland_200.jpg,31
rectangular_farmland_214.jpg,31
rectangular_farmland_227.jpg,31
rectangular_farmland_259.jpg,42
rectangular_farmland_260.jpg,31
rectangular_farmland_264.jpg,31
rectangular_farmland_269.jpg,31
rectangular_farmland_270.jpg,31
rectangular_farmland_295.jpg,31
rectangular_farmland_323.jpg,31
rectangular_farmland_324.jpg,31
rectangular_farmland_330.jpg,42
rectangular_farmland_356.jpg,31
rectangular_farmland_358.jpg,31
rectangular_farmland_361.jpg,31
rectangular_farmland_390.jpg,31
rectangular_farmland_402.jpg,31
rectangular_farmland_403.jpg,31
rectangular_farmland_428.jpg,31
rectangular_farmland_438.jpg,31
rectangular_farmland_440.jpg,31
rectangular_farmland_441.jpg,31
rectangular_farmland_448.jpg,31
rectangular_farmland_451.jpg,31
rectangular_farmland_467.jpg,31
rectangular_farmland_473.jpg,31
rectangular_farmland_481.jpg,31
rectangular_farmland_496.jpg,31
rectangular_farmland_500.jpg,31
rectangular_farmland_507.jpg,31
rectangular_farmland_535.jpg,31
rectangular_farmland_540.jpg,31
rectangular_farmland_542.jpg,42
rectangular_farmland_553.jpg,31
rectangular_farmland_554.jpg,31
rectangular_farmland_556.jpg,31
rectangular_farmland_560.jpg,31
rectangular_farmland_567.jpg,31
rectangular_farmland_568.jpg,31
rectangular_farmland_572.jpg,42
rectangular_farmland_584.jpg,31
rectangular_farmland_598.jpg,42
rectangular_farmland_606.jpg,31
rectangular_farmland_629.jpg,42
rectangular_farmland_632.jpg,31
rectangular_farmland_640.jpg,31
rectangular_farmland_644.jpg,31
rectangular_farmland_661.jpg,31
rectangular_farmland_674.jpg,31
rectangular_farmland_700.jpg,31
river_026.jpg,32
river_031.jpg,32
river_041.jpg,32
river_044.jpg,32
river_052.jpg,32
river_055.jpg,32
river_058.jpg,25
river_061.jpg,32
river_071.jpg,32
river_081.jpg,32
river_134.jpg,32
river_140.jpg,32
river_154.jpg,32
river_160.jpg,32
river_163.jpg,32
river_164.jpg,32
river_175.jpg,32
river_186.jpg,32
river_190.jpg,32
river_197.jpg,32
river_200.jpg,32
river_214.jpg,32
river_227.jpg,32
river_259.jpg,32
river_260.jpg,32
river_264.jpg,32
river_269.jpg,32
river_270.jpg,32
river_295.jpg,32
river_323.jpg,32
river_324.jpg,32
river_330.jpg,32
river_356.jpg,32
river_358.jpg,32
river_361.jpg,32
river_390.jpg,32
river_402.jpg,32
river_403.jpg,32
river_428.jpg,32
river_438.jpg,42
river_440.jpg,32
river_441.jpg,32
river_448.jpg,32
river_451.jpg,32
river_467.jpg,32
river_473.jpg,32
river_481.jpg,32
river_496.jpg,32
river_500.jpg,32
river_507.jpg,32
river_535.jpg,32
river_540.jpg,4
river_542.jpg,32
river_553.jpg,32
river_554.jpg,5
river_556.jpg,32
river_560.jpg,32
river_567.jpg,25
river_568.jpg,32
river_572.jpg,32
river_584.jpg,32
river_598.jpg,32
river_606.jpg,32
river_629.jpg,32
river_632.jpg,32
river_640.jpg,32
river_644.jpg,32
river_661.jpg,32
river_674.jpg,32
river_700.jpg,32
roundabout_026.jpg,33
roundabout_031.jpg,33
roundabout_041.jpg,33
roundabout_044.jpg,33
roundabout_052.jpg,33
roundabout_055.jpg,33
roundabout_058.jpg,33
roundabout_061.jpg,33
roundabout_071.jpg,33
roundabout_081.jpg,33
roundabout_134.jpg,33
roundabout_140.jpg,33
roundabout_154.jpg,33
roundabout_160.jpg,33
roundabout_163.jpg,33
roundabout_164.jpg,33
roundabout_175.jpg,33
roundabout_186.jpg,33
roundabout_190.jpg,33
roundabout_197.jpg,33
roundabout_200.jpg,33
roundabout_214.jpg,33
roundabout_227.jpg,33
roundabout_259.jpg,33
roundabout_260.jpg,33
roundabout_264.jpg,33
roundabout_269.jpg,33
roundabout_270.jpg,33
roundabout_295.jpg,33
roundabout_323.jpg,33
roundabout_324.jpg,33
roundabout_330.jpg,33
roundabout_356.jpg,33
roundabout_358.jpg,33
roundabout_361.jpg,33
roundabout_390.jpg,33
roundabout_402.jpg,33
roundabout_403.jpg,33
roundabout_428.jpg,33
roundabout_438.jpg,33
roundabout_440.jpg,33
roundabout_441.jpg,33
roundabout_448.jpg,33
roundabout_451.jpg,33
roundabout_467.jpg,33
roundabout_473.jpg,33
roundabout_481.jpg,33
roundabout_496.jpg,33
roundabout_500.jpg,33
roundabout_507.jpg,33
roundabout_535.jpg,33
roundabout_540.jpg,33
roundabout_542.jpg,33
roundabout_553.jpg,33
roundabout_554.jpg,33
roundabout_556.jpg,33
roundabout_560.jpg,33
roundabout_567.jpg,33
roundabout_568.jpg,33
roundabout_572.jpg,33
roundabout_584.jpg,33
roundabout_598.jpg,33
roundabout_606.jpg,33
roundabout_629.jpg,33
roundabout_632.jpg,33
roundabout_640.jpg,33
roundabout_644.jpg,33
roundabout_661.jpg,33
roundabout_674.jpg,33
roundabout_700.jpg,33
runway_026.jpg,34
runway_031.jpg,9
runway_041.jpg,34
runway_044.jpg,34
runway_052.jpg,34
runway_055.jpg,34
runway_058.jpg,1
runway_061.jpg,34
runway_071.jpg,34
runway_081.jpg,34
runway_134.jpg,34
runway_140.jpg,34
runway_154.jpg,34
runway_160.jpg,34
runway_163.jpg,34
runway_164.jpg,34
runway_175.jpg,34
runway_186.jpg,34
runway_190.jpg,34
runway_197.jpg,34
runway_200.jpg,34
runway_214.jpg,34
runway_227.jpg,34
runway_259.jpg,34
runway_260.jpg,34
runway_264.jpg,34
runway_269.jpg,34
runway_270.jpg,34
runway_295.jpg,34
runway_323.jpg,34
runway_324.jpg,34
runway_330.jpg,34
runway_356.jpg,34
runway_358.jpg,34
runway_361.jpg,34
runway_390.jpg,34
runway_402.jpg,34
runway_403.jpg,34
runway_428.jpg,1
runway_438.jpg,0
runway_440.jpg,34
runway_441.jpg,34
runway_448.jpg,34
runway_451.jpg,30
runway_467.jpg,34
runway_473.jpg,34
runway_481.jpg,34
runway_496.jpg,34
runway_500.jpg,34
runway_507.jpg,34
runway_535.jpg,34
runway_540.jpg,1
runway_542.jpg,34
runway_553.jpg,34
runway_554.jpg,34
runway_556.jpg,34
runway_560.jpg,34
runway_567.jpg,1
runway_568.jpg,34
runway_572.jpg,9
runway_584.jpg,34
runway_598.jpg,34
runway_606.jpg,34
runway_629.jpg,34
runway_632.jpg,34
runway_640.jpg,34
runway_644.jpg,34
runway_661.jpg,34
runway_674.jpg,34
runway_700.jpg,34
sea_ice_026.jpg,35
sea_ice_031.jpg,35
sea_ice_041.jpg,35
sea_ice_044.jpg,35
sea_ice_052.jpg,35
sea_ice_055.jpg,35
sea_ice_058.jpg,35
sea_ice_061.jpg,35
sea_ice_071.jpg,35
sea_ice_081.jpg,35
sea_ice_134.jpg,35
sea_ice_140.jpg,35
sea_ice_154.jpg,35
sea_ice_160.jpg,35
sea_ice_163.jpg,35
sea_ice_164.jpg,35
sea_ice_175.jpg,35
sea_ice_186.jpg,35
sea_ice_190.jpg,35
sea_ice_197.jpg,35
sea_ice_200.jpg,35
sea_ice_214.jpg,35
sea_ice_227.jpg,35
sea_ice_259.jpg,35
sea_ice_260.jpg,35
sea_ice_264.jpg,35
sea_ice_269.jpg,35
sea_ice_270.jpg,35
sea_ice_295.jpg,35
sea_ice_323.jpg,35
sea_ice_324.jpg,35
sea_ice_330.jpg,35
sea_ice_356.jpg,35
sea_ice_358.jpg,35
sea_ice_361.jpg,35
sea_ice_390.jpg,35
sea_ice_402.jpg,35
sea_ice_403.jpg,35
sea_ice_428.jpg,35
sea_ice_438.jpg,35
sea_ice_440.jpg,35
sea_ice_441.jpg,35
sea_ice_448.jpg,35
sea_ice_451.jpg,35
sea_ice_467.jpg,35
sea_ice_473.jpg,36
sea_ice_481.jpg,35
sea_ice_496.jpg,35
sea_ice_500.jpg,35
sea_ice_507.jpg,35
sea_ice_535.jpg,35
sea_ice_540.jpg,35
sea_ice_542.jpg,35
sea_ice_553.jpg,35
sea_ice_554.jpg,35
sea_ice_556.jpg,35
sea_ice_560.jpg,35
sea_ice_567.jpg,35
sea_ice_568.jpg,35
sea_ice_572.jpg,35
sea_ice_584.jpg,35
sea_ice_598.jpg,35
sea_ice_606.jpg,35
sea_ice_629.jpg,35
sea_ice_632.jpg,35
sea_ice_640.jpg,35
sea_ice_644.jpg,35
sea_ice_661.jpg,35
sea_ice_674.jpg,35
sea_ice_700.jpg,35
ship_026.jpg,36
ship_031.jpg,36
ship_041.jpg,36
ship_044.jpg,36
ship_052.jpg,36
ship_055.jpg,36
ship_058.jpg,36
ship_061.jpg,36
ship_071.jpg,36
ship_081.jpg,36
ship_134.jpg,36
ship_140.jpg,36
ship_154.jpg,36
ship_160.jpg,36
ship_163.jpg,36
ship_164.jpg,36
ship_175.jpg,36
ship_186.jpg,36
ship_190.jpg,36
ship_197.jpg,36
ship_200.jpg,36
ship_214.jpg,36
ship_227.jpg,36
ship_259.jpg,36
ship_260.jpg,36
ship_264.jpg,36
ship_269.jpg,36
ship_270.jpg,36
ship_295.jpg,36
ship_323.jpg,36
ship_324.jpg,36
ship_330.jpg,36
ship_356.jpg,36
ship_358.jpg,36
ship_361.jpg,36
ship_390.jpg,36
ship_402.jpg,36
ship_403.jpg,36
ship_428.jpg,36
ship_438.jpg,36
ship_440.jpg,36
ship_441.jpg,36
ship_448.jpg,36
ship_451.jpg,36
ship_467.jpg,36
ship_473.jpg,36
ship_481.jpg,36
ship_496.jpg,36
ship_500.jpg,36
ship_507.jpg,36
ship_535.jpg,36
ship_540.jpg,36
ship_542.jpg,36
ship_553.jpg,36
ship_554.jpg,36
ship_556.jpg,36
ship_560.jpg,36
ship_567.jpg,36
ship_568.jpg,36
ship_572.jpg,36
ship_584.jpg,36
ship_598.jpg,36
ship_606.jpg,36
ship_629.jpg,36
ship_632.jpg,36
ship_640.jpg,36
ship_644.jpg,36
ship_661.jpg,36
ship_674.jpg,36
ship_700.jpg,36
snowberg_026.jpg,37
snowberg_031.jpg,37
snowberg_041.jpg,37
snowberg_044.jpg,37
snowberg_052.jpg,25
snowberg_055.jpg,37
snowberg_058.jpg,37
snowberg_061.jpg,37
snowberg_071.jpg,37
snowberg_081.jpg,37
snowberg_134.jpg,37
snowberg_140.jpg,37
snowberg_154.jpg,37
snowberg_160.jpg,37
snowberg_163.jpg,37
snowberg_164.jpg,37
snowberg_175.jpg,37
snowberg_186.jpg,37
snowberg_190.jpg,37
snowberg_197.jpg,37
snowberg_200.jpg,37
snowberg_214.jpg,37
snowberg_227.jpg,37
snowberg_259.jpg,37
snowberg_260.jpg,37
snowberg_264.jpg,37
snowberg_269.jpg,37
snowberg_270.jpg,37
snowberg_295.jpg,37
snowberg_323.jpg,37
snowberg_324.jpg,37
snowberg_330.jpg,37
snowberg_356.jpg,37
snowberg_358.jpg,37
snowberg_361.jpg,37
snowberg_390.jpg,37
snowberg_402.jpg,37
snowberg_403.jpg,37
snowberg_428.jpg,37
snowberg_438.jpg,37
snowberg_440.jpg,37
snowberg_441.jpg,37
snowberg_448.jpg,37
snowberg_451.jpg,37
snowberg_467.jpg,25
snowberg_473.jpg,37
snowberg_481.jpg,37
snowberg_496.jpg,37
snowberg_500.jpg,37
snowberg_507.jpg,37
snowberg_535.jpg,37
snowberg_540.jpg,37
snowberg_542.jpg,37
snowberg_553.jpg,37
snowberg_554.jpg,37
snowberg_556.jpg,37
snowberg_560.jpg,37
snowberg_567.jpg,37
snowberg_568.jpg,37
snowberg_572.jpg,37
snowberg_584.jpg,37
snowberg_598.jpg,37
snowberg_606.jpg,37
snowberg_629.jpg,37
snowberg_632.jpg,37
snowberg_640.jpg,37
snowberg_644.jpg,37
snowberg_661.jpg,37
snowberg_674.jpg,37
snowberg_700.jpg,37
sparse_residential_026.jpg,38
sparse_residential_031.jpg,38
sparse_residential_041.jpg,38
sparse_residential_044.jpg,38
sparse_residential_052.jpg,38
sparse_residential_055.jpg,38
sparse_residential_058.jpg,38
sparse_residential_061.jpg,38
sparse_residential_071.jpg,38
sparse_residential_081.jpg,38
sparse_residential_134.jpg,38
sparse_residential_140.jpg,38
sparse_residential_154.jpg,38
sparse_residential_160.jpg,38
sparse_residential_163.jpg,38
sparse_residential_164.jpg,38
sparse_residential_175.jpg,38
sparse_residential_186.jpg,38
sparse_residential_190.jpg,38
sparse_residential_197.jpg,38
sparse_residential_200.jpg,38
sparse_residential_214.jpg,38
sparse_residential_227.jpg,38
sparse_residential_259.jpg,38
sparse_residential_260.jpg,38
sparse_residential_264.jpg,38
sparse_residential_269.jpg,38
sparse_residential_270.jpg,38
sparse_residential_295.jpg,38
sparse_residential_323.jpg,38
sparse_residential_324.jpg,38
sparse_residential_330.jpg,38
sparse_residential_356.jpg,38
sparse_residential_358.jpg,38
sparse_residential_361.jpg,38
sparse_residential_390.jpg,38
sparse_residential_402.jpg,38
sparse_residential_403.jpg,38
sparse_residential_428.jpg,23
sparse_residential_438.jpg,23
sparse_residential_440.jpg,38
sparse_residential_441.jpg,38
sparse_residential_448.jpg,38
sparse_residential_451.jpg,38
sparse_residential_467.jpg,38
sparse_residential_473.jpg,38
sparse_residential_481.jpg,38
sparse_residential_496.jpg,38
sparse_residential_500.jpg,38
sparse_residential_507.jpg,38
sparse_residential_535.jpg,38
sparse_residential_540.jpg,38
sparse_residential_542.jpg,38
sparse_residential_553.jpg,38
sparse_residential_554.jpg,38
sparse_residential_556.jpg,38
sparse_residential_560.jpg,38
sparse_residential_567.jpg,38
sparse_residential_568.jpg,38
sparse_residential_572.jpg,38
sparse_residential_584.jpg,38
sparse_residential_598.jpg,38
sparse_residential_606.jpg,38
sparse_residential_629.jpg,38
sparse_residential_632.jpg,38
sparse_residential_640.jpg,38
sparse_residential_644.jpg,38
sparse_residential_661.jpg,38
sparse_residential_674.jpg,38
sparse_residential_700.jpg,38
stadium_026.jpg,39
stadium_031.jpg,39
stadium_041.jpg,39
stadium_044.jpg,39
stadium_052.jpg,39
stadium_055.jpg,39
stadium_058.jpg,39
stadium_061.jpg,27
stadium_071.jpg,39
stadium_081.jpg,39
stadium_134.jpg,39
stadium_140.jpg,39
stadium_154.jpg,39
stadium_160.jpg,39
stadium_163.jpg,39
stadium_164.jpg,39
stadium_175.jpg,39
stadium_186.jpg,39
stadium_190.jpg,39
stadium_197.jpg,39
stadium_200.jpg,39
stadium_214.jpg,39
stadium_227.jpg,39
stadium_259.jpg,39
stadium_260.jpg,7
stadium_264.jpg,39
stadium_269.jpg,39
stadium_270.jpg,39
stadium_295.jpg,39
stadium_323.jpg,39
stadium_324.jpg,39
stadium_330.jpg,39
stadium_356.jpg,39
stadium_358.jpg,39
stadium_361.jpg,39
stadium_390.jpg,39
stadium_402.jpg,39
stadium_403.jpg,39
stadium_428.jpg,39
stadium_438.jpg,39
stadium_440.jpg,39
stadium_441.jpg,39
stadium_448.jpg,39
stadium_451.jpg,39
stadium_467.jpg,39
stadium_473.jpg,39
stadium_481.jpg,39
stadium_496.jpg,39
stadium_500.jpg,39
stadium_507.jpg,39
stadium_535.jpg,39
stadium_540.jpg,39
stadium_542.jpg,39
stadium_553.jpg,39
stadium_554.jpg,39
stadium_556.jpg,39
stadium_560.jpg,39
stadium_567.jpg,39
stadium_568.jpg,39
stadium_572.jpg,39
stadium_584.jpg,39
stadium_598.jpg,39
stadium_606.jpg,39
stadium_629.jpg,39
stadium_632.jpg,39
stadium_640.jpg,39
stadium_644.jpg,39
stadium_661.jpg,39
stadium_674.jpg,39
stadium_700.jpg,39
storage_tank_026.jpg,40
storage_tank_031.jpg,7
storage_tank_041.jpg,40
storage_tank_044.jpg,40
storage_tank_052.jpg,40
storage_tank_055.jpg,40
storage_tank_058.jpg,40
storage_tank_061.jpg,40
storage_tank_071.jpg,40
storage_tank_081.jpg,40
storage_tank_134.jpg,40
storage_tank_140.jpg,40
storage_tank_154.jpg,40
storage_tank_160.jpg,40
storage_tank_163.jpg,40
storage_tank_164.jpg,40
storage_tank_175.jpg,40
storage_tank_186.jpg,40
storage_tank_190.jpg,40
storage_tank_197.jpg,40
storage_tank_200.jpg,40
storage_tank_214.jpg,40
storage_tank_227.jpg,40
storage_tank_259.jpg,40
storage_tank_260.jpg,40
storage_tank_264.jpg,40
storage_tank_269.jpg,40
storage_tank_270.jpg,40
storage_tank_295.jpg,40
storage_tank_323.jpg,40
storage_tank_324.jpg,40
storage_tank_330.jpg,40
storage_tank_356.jpg,40
storage_tank_358.jpg,40
storage_tank_361.jpg,40
storage_tank_390.jpg,40
storage_tank_402.jpg,40
storage_tank_403.jpg,40
storage_tank_428.jpg,40
storage_tank_438.jpg,40
storage_tank_440.jpg,40
storage_tank_441.jpg,40
storage_tank_448.jpg,40
storage_tank_451.jpg,40
storage_tank_467.jpg,40
storage_tank_473.jpg,40
storage_tank_481.jpg,40
storage_tank_496.jpg,40
storage_tank_500.jpg,40
storage_tank_507.jpg,40
storage_tank_535.jpg,40
storage_tank_540.jpg,40
storage_tank_542.jpg,40
storage_tank_553.jpg,40
storage_tank_554.jpg,40
storage_tank_556.jpg,40
storage_tank_560.jpg,40
storage_tank_567.jpg,40
storage_tank_568.jpg,40
storage_tank_572.jpg,40
storage_tank_584.jpg,40
storage_tank_598.jpg,40
storage_tank_606.jpg,40
storage_tank_629.jpg,40
storage_tank_632.jpg,40
storage_tank_640.jpg,40
storage_tank_644.jpg,40
storage_tank_661.jpg,7
storage_tank_674.jpg,40
storage_tank_700.jpg,40
tennis_court_026.jpg,41
tennis_court_031.jpg,41
tennis_court_041.jpg,41
tennis_court_044.jpg,41
tennis_court_052.jpg,41
tennis_court_055.jpg,41
tennis_court_058.jpg,41
tennis_court_061.jpg,41
tennis_court_071.jpg,41
tennis_court_081.jpg,41
tennis_court_134.jpg,41
tennis_court_140.jpg,41
tennis_court_154.jpg,41
tennis_court_160.jpg,41
tennis_court_163.jpg,41
tennis_court_164.jpg,41
tennis_court_175.jpg,41
tennis_court_186.jpg,41
tennis_court_190.jpg,41
tennis_court_197.jpg,41
tennis_court_200.jpg,41
tennis_court_214.jpg,41
tennis_court_227.jpg,41
tennis_court_259.jpg,41
tennis_court_260.jpg,41
tennis_court_264.jpg,41
tennis_court_269.jpg,41
tennis_court_270.jpg,41
tennis_court_295.jpg,41
tennis_court_324.jpg,41
tennis_court_330.jpg,41
tennis_court_356.jpg,41
tennis_court_358.jpg,41
tennis_court_361.jpg,41
tennis_court_390.jpg,41
tennis_court_402.jpg,41
tennis_court_403.jpg,41
tennis_court_428.jpg,41
tennis_court_438.jpg,41
tennis_court_440.jpg,41
tennis_court_441.jpg,41
tennis_court_448.jpg,41
tennis_court_451.jpg,41
tennis_court_467.jpg,41
tennis_court_473.jpg,41
tennis_court_481.jpg,41
tennis_court_496.jpg,41
tennis_court_500.jpg,41
tennis_court_507.jpg,41
tennis_court_535.jpg,41
tennis_court_540.jpg,41
tennis_court_542.jpg,41
tennis_court_553.jpg,41
tennis_court_554.jpg,41
tennis_court_556.jpg,41
tennis_court_560.jpg,41
tennis_court_567.jpg,41
tennis_court_568.jpg,41
tennis_court_572.jpg,41
tennis_court_589.jpg,41
tennis_court_598.jpg,41
tennis_court_611(1).jpg,41
tennis_court_619.jpg,41
tennis_court_629.jpg,41
tennis_court_630.jpg,41
tennis_court_637.jpg,41
tennis_court_641.jpg,41
tennis_court_656.jpg,41
tennis_court_659.jpg,41
tennis_court_674.jpg,41
terrace_026.jpg,42
terrace_031.jpg,42
terrace_041.jpg,42
terrace_044.jpg,42
terrace_052.jpg,42
terrace_055.jpg,42
terrace_058.jpg,42
terrace_061.jpg,42
terrace_071.jpg,42
terrace_081.jpg,42
terrace_134.jpg,42
terrace_140.jpg,42
terrace_154.jpg,42
terrace_160.jpg,42
terrace_163.jpg,42
terrace_164.jpg,42
terrace_175.jpg,42
terrace_186.jpg,42
terrace_190.jpg,42
terrace_197.jpg,42
terrace_200.jpg,42
terrace_214.jpg,42
terrace_227.jpg,42
terrace_259.jpg,42
terrace_260.jpg,42
terrace_264.jpg,31
terrace_269.jpg,42
terrace_270.jpg,42
terrace_295.jpg,42
terrace_323.jpg,42
terrace_324.jpg,42
terrace_330.jpg,42
terrace_356.jpg,31
terrace_358.jpg,42
terrace_361.jpg,42
terrace_390.jpg,42
terrace_402.jpg,42
terrace_403.jpg,42
terrace_428.jpg,42
terrace_438.jpg,42
terrace_440.jpg,42
terrace_441.jpg,42
terrace_448.jpg,42
terrace_451.jpg,42
terrace_467.jpg,42
terrace_473.jpg,42
terrace_481.jpg,42
terrace_496.jpg,42
terrace_500.jpg,42
terrace_507.jpg,42
terrace_535.jpg,42
terrace_540.jpg,42
terrace_542.jpg,42
terrace_553.jpg,42
terrace_554.jpg,42
terrace_556.jpg,42
terrace_560.jpg,42
terrace_567.jpg,31
terrace_568.jpg,42
terrace_572.jpg,42
terrace_584.jpg,42
terrace_598.jpg,42
terrace_606.jpg,42
terrace_629.jpg,42
terrace_632.jpg,42
terrace_640.jpg,42
terrace_644.jpg,42
terrace_661.jpg,42
terrace_674.jpg,42
terrace_700.jpg,42
thermal_power_station_026.jpg,43
thermal_power_station_031.jpg,43
thermal_power_station_041.jpg,43
thermal_power_station_044.jpg,43
thermal_power_station_052.jpg,43
thermal_power_station_055.jpg,43
thermal_power_station_058.jpg,43
thermal_power_station_061.jpg,43
thermal_power_station_071.jpg,43
thermal_power_station_081.jpg,43
thermal_power_station_134.jpg,43
thermal_power_station_140.jpg,43
thermal_power_station_154.jpg,43
thermal_power_station_160.jpg,43
thermal_power_station_163.jpg,43
thermal_power_station_164.jpg,43
thermal_power_station_175.jpg,43
thermal_power_station_186.jpg,43
thermal_power_station_190.jpg,43
thermal_power_station_197.jpg,43
thermal_power_station_200.jpg,43
thermal_power_station_214.jpg,43
thermal_power_station_227.jpg,43
thermal_power_station_259.jpg,43
thermal_power_station_260.jpg,27
thermal_power_station_264.jpg,43
thermal_power_station_269.jpg,43
thermal_power_station_270.jpg,43
thermal_power_station_295.jpg,43
thermal_power_station_323.jpg,43
thermal_power_station_324.jpg,43
thermal_power_station_330.jpg,43
thermal_power_station_356.jpg,43
thermal_power_station_358.jpg,43
thermal_power_station_361.jpg,43
thermal_power_station_390.jpg,43
thermal_power_station_402.jpg,43
thermal_power_station_403.jpg,43
thermal_power_station_428.jpg,43
thermal_power_station_438.jpg,43
thermal_power_station_440.jpg,43
thermal_power_station_441.jpg,43
thermal_power_station_448.jpg,18
thermal_power_station_451.jpg,43
thermal_power_station_467.jpg,43
thermal_power_station_473.jpg,43
thermal_power_station_481.jpg,43
thermal_power_station_496.jpg,43
thermal_power_station_500.jpg,43
thermal_power_station_507.jpg,43
thermal_power_station_535.jpg,43
thermal_power_station_540.jpg,43
thermal_power_station_542.jpg,43
thermal_power_station_553.jpg,43
thermal_power_station_554.jpg,43
thermal_power_station_556.jpg,43
thermal_power_station_560.jpg,43
thermal_power_station_567.jpg,43
thermal_power_station_568.jpg,43
thermal_power_station_572.jpg,43
thermal_power_station_584.jpg,43
thermal_power_station_598.jpg,43
thermal_power_station_606.jpg,43
thermal_power_station_629.jpg,43
thermal_power_station_632.jpg,43
thermal_power_station_640.jpg,43
thermal_power_station_644.jpg,43
thermal_power_station_661.jpg,43
thermal_power_station_674.jpg,43
thermal_power_station_700.jpg,43
wetland_026.jpg,44
wetland_031.jpg,44
wetland_041.jpg,44
wetland_044.jpg,44
wetland_052.jpg,44
wetland_055.jpg,44
wetland_058.jpg,44
wetland_061.jpg,44
wetland_071.jpg,44
wetland_081.jpg,44
wetland_134.jpg,44
wetland_140.jpg,44
wetland_154.jpg,44
wetland_160.jpg,44
wetland_163.jpg,44
wetland_164.jpg,44
wetland_175.jpg,44
wetland_186.jpg,44
wetland_190.jpg,44
wetland_197.jpg,44
wetland_200.jpg,44
wetland_214.jpg,44
wetland_227.jpg,21
wetland_259.jpg,44
wetland_260.jpg,44
wetland_264.jpg,44
wetland_269.jpg,44
wetland_270.jpg,44
wetland_295.jpg,44
wetland_323.jpg,44
wetland_324.jpg,44
wetland_330.jpg,44
wetland_356.jpg,44
wetland_358.jpg,44
wetland_361.jpg,44
wetland_390.jpg,44
wetland_402.jpg,21
wetland_403.jpg,44
wetland_428.jpg,44
wetland_438.jpg,44
wetland_440.jpg,44
wetland_441.jpg,44
wetland_448.jpg,44
wetland_451.jpg,44
wetland_467.jpg,44
wetland_473.jpg,44
wetland_481.jpg,21
wetland_496.jpg,44
wetland_500.jpg,44
wetland_507.jpg,44
wetland_535.jpg,44
wetland_540.jpg,44
wetland_542.jpg,44
wetland_553.jpg,44
wetland_554.jpg,44
wetland_556.jpg,44
wetland_560.jpg,44
wetland_567.jpg,44
wetland_568.jpg,44
wetland_572.jpg,44
wetland_584.jpg,44
wetland_598.jpg,44
wetland_606.jpg,44
wetland_629.jpg,44
wetland_632.jpg,21
wetland_640.jpg,44
wetland_644.jpg,44
wetland_661.jpg,44
wetland_674.jpg,21
wetland_700.jpg,44
