id;label
storage_tank_441.jpg;40
airport_605.jpg;1
cloud_453.jpg;9
basketball_court_044.jpg;3
storage_tank_190.jpg;40
church_644.jpg;7
harbor_052.jpg;17
runway_553.jpg;34
palace_356.jpg;27
river_295.jpg;32
lake_044.jpg;21
runway_473.jpg;34
industrial_area_553.jpg;18
commercial_area_270.jpg;10
mobile_home_park_500.jpg;24
river_186.jpg;32
circular_farmland_644.jpg;8
island_134.jpg;20
baseball_diamond_071.jpg;2
wetland_356.jpg;44
beach_438.jpg;4
terrace_542.jpg;42
golf_course_390.jpg;15
sea_ice_632.jpg;35
golf_course_481.jpg;15
overpass_295.jpg;26
ground_track_field_154.jpg;16
harbor_324.jpg;17
tennis_court_540.jpg;41
church_061.jpg;7
freeway_629.jpg;14
bridge_572.jpg;5
overpass_269.jpg;26
thermal_power_station_440.jpg;43
overpass_163.jpg;26
desert_674.jpg;12
island_560.jpg;20
thermal_power_station_058.jpg;43
parking_lot_500.jpg;28
airport_061.jpg;1
forest_045.jpg;13
stadium_481.jpg;39
sparse_residential_081.jpg;38
sparse_residential_227.jpg;38
river_200.jpg;32
industrial_area_473.jpg;18
snowberg_358.jpg;37
desert_535.jpg;12
river_058.jpg;32
bridge_629.jpg;5
snowberg_629.jpg;37
airplane_567.jpg;0
industrial_area_500.jpg;18
ship_556.jpg;36
airport_643.jpg;1
golf_course_467.jpg;15
ground_track_field_554.jpg;16
industrial_area_481.jpg;18
airplane_186.jpg;0
freeway_026.jpg;14
runway_227.jpg;34
intersection_154.jpg;19
overpass_535.jpg;26
freeway_403.jpg;14
golf_course_451.jpg;15
baseball_diamond_428.jpg;2
terrace_507.jpg;42
parking_lot_554.jpg;28
bridge_540.jpg;5
airplane_061.jpg;0
golf_course_640.jpg;15
storage_tank_154.jpg;40
stadium_553.jpg;39
commercial_area_154.jpg;10
railway_467.jpg;29
sea_ice_507.jpg;35
golf_course_259.jpg;15
desert_264.jpg;12
ground_track_field_160.jpg;16
airplane_598.jpg;0
rectangular_farmland_026.jpg;31
railway_station_163.jpg;30
ground_track_field_629.jpg;16
freeway_567.jpg;14
industrial_area_584.jpg;18
airplane_542.jpg;0
railway_station_390.jpg;30
meadow_451.jpg;22
airplane_441.jpg;0
circular_farmland_031.jpg;8
commercial_area_438.jpg;10
lake_496.jpg;21
beach_481.jpg;4
island_554.jpg;20
desert_160.jpg;12
overpass_473.jpg;26
dense_residential_402.jpg;11
snowberg_134.jpg;37
river_269.jpg;32
sea_ice_644.jpg;35
desert_644.jpg;12
church_441.jpg;7
desert_481.jpg;12
basketball_court_324.jpg;3
commercial_area_568.jpg;10
palace_535.jpg;27
railway_station_259.jpg;30
circular_farmland_061.jpg;8
thermal_power_station_556.jpg;43
industrial_area_572.jpg;18
beach_496.jpg;4
terrace_044.jpg;42
snowberg_542.jpg;37
intersection_473.jpg;19
medium_residential_554.jpg;23
airplane_584.jpg;0
river_356.jpg;32
airplane_700.jpg;0
cloud_249.jpg;9
tennis_court_259.jpg;41
bridge_323.jpg;5
airplane_081.jpg;0
stadium_164.jpg;39
sea_ice_361.jpg;35
island_264.jpg;20
snowberg_361.jpg;37
mountain_361.jpg;25
meadow_197.jpg;22
baseball_diamond_186.jpg;2
roundabout_496.jpg;33
lake_632.jpg;21
lake_700.jpg;21
basketball_court_632.jpg;3
river_044.jpg;32
golf_course_440.jpg;15
sparse_residential_361.jpg;38
palace_260.jpg;27
thermal_power_station_186.jpg;43
desert_358.jpg;12
sea_ice_163.jpg;35
airplane_553.jpg;0
circular_farmland_535.jpg;8
runway_640.jpg;34
freeway_163.jpg;14
sea_ice_560.jpg;35
dense_residential_134.jpg;11
cloud_154.jpg;9
church_361.jpg;7
intersection_390.jpg;19
terrace_140.jpg;42
railway_station_560.jpg;30
basketball_court_661.jpg;3
wetland_481.jpg;44
chaparral_647.jpg;6
intersection_560.jpg;19
ground_track_field_640.jpg;16
mountain_535.jpg;25
mobile_home_park_535.jpg;24
beach_356.jpg;4
medium_residential_270.jpg;23
overpass_031.jpg;26
palace_467.jpg;27
medium_residential_629.jpg;23
golf_course_606.jpg;15
palace_026.jpg;27
roundabout_542.jpg;33
tennis_court_611(1).jpg;41
parking_lot_402.jpg;28
sea_ice_567.jpg;35
lake_055.jpg;21
commercial_area_175.jpg;10
golf_course_584.jpg;15
medium_residential_553.jpg;23
snowberg_058.jpg;37
tennis_court_481.jpg;41
circular_farmland_324.jpg;8
lake_441.jpg;21
overpass_451.jpg;26
river_428.jpg;32
island_481.jpg;20
freeway_214.jpg;14
snowberg_481.jpg;37
bridge_259.jpg;5
golf_course_554.jpg;15
dense_residential_361.jpg;11
golf_course_448.jpg;15
palace_390.jpg;27
cloud_602.jpg;9
rectangular_farmland_644.jpg;31
railway_station_402.jpg;30
baseball_diamond_640.jpg;2
thermal_power_station_535.jpg;43
river_507.jpg;32
mountain_052.jpg;25
industrial_area_190.jpg;18
bridge_554.jpg;5
storage_tank_661.jpg;40
sea_ice_044.jpg;35
lake_164.jpg;21
golf_course_356.jpg;15
river_041.jpg;32
railway_700.jpg;29
intersection_540.jpg;19
church_390.jpg;7
roundabout_160.jpg;33
mountain_640.jpg;25
airport_473.jpg;1
dense_residential_186.jpg;11
intersection_535.jpg;19
parking_lot_441.jpg;28
sparse_residential_330.jpg;38
storage_tank_227.jpg;40
terrace_160.jpg;42
bridge_632.jpg;5
tennis_court_356.jpg;41
desert_568.jpg;12
basketball_court_567.jpg;3
airport_214.jpg;1
mobile_home_park_052.jpg;24
commercial_area_390.jpg;10
intersection_259.jpg;19
sparse_residential_163.jpg;38
snowberg_568.jpg;37
harbor_041.jpg;17
stadium_473.jpg;39
meadow_540.jpg;22
ship_598.jpg;36
lake_674.jpg;21
railway_567.jpg;29
runway_186.jpg;34
airplane_330.jpg;0
sparse_residential_403.jpg;38
overpass_041.jpg;26
airplane_606.jpg;0
mountain_500.jpg;25
runway_438.jpg;34
railway_station_134.jpg;30
industrial_area_197.jpg;18
intersection_644.jpg;19
medium_residential_052.jpg;23
river_264.jpg;32
airport_402.jpg;1
mountain_606.jpg;25
runway_535.jpg;34
freeway_061.jpg;14
meadow_542.jpg;22
harbor_175.jpg;17
stadium_358.jpg;39
airplane_259.jpg;0
mobile_home_park_361.jpg;24
dense_residential_640.jpg;11
mobile_home_park_270.jpg;24
freeway_041.jpg;14
freeway_324.jpg;14
runway_403.jpg;34
wetland_160.jpg;44
stadium_632.jpg;39
sparse_residential_264.jpg;38
mobile_home_park_640.jpg;24
parking_lot_269.jpg;28
sparse_residential_567.jpg;38
industrial_area_071.jpg;18
dense_residential_269.jpg;11
medium_residential_175.jpg;23
ship_606.jpg;36
stadium_356.jpg;39
overpass_661.jpg;26
baseball_diamond_542.jpg;2
harbor_058.jpg;17
desert_259.jpg;12
tennis_court_041.jpg;41
palace_295.jpg;27
church_164.jpg;7
terrace_270.jpg;42
baseball_diamond_055.jpg;2
medium_residential_542.jpg;23
storage_tank_041.jpg;40
cloud_081.jpg;9
roundabout_403.jpg;33
terrace_164.jpg;42
ship_140.jpg;36
airplane_390.jpg;0
wetland_260.jpg;44
storage_tank_270.jpg;40
sea_ice_052.jpg;35
industrial_area_640.jpg;18
sparse_residential_481.jpg;38
palace_554.jpg;27
ship_324.jpg;36
mountain_428.jpg;25
golf_course_164.jpg;15
desert_058.jpg;12
lake_041.jpg;21
snowberg_402.jpg;37
ship_323.jpg;36
forest_480.jpg;13
thermal_power_station_031.jpg;43
medium_residential_269.jpg;23
storage_tank_031.jpg;40
baseball_diamond_041.jpg;2
meadow_598.jpg;22
airplane_055.jpg;0
intersection_553.jpg;19
beach_259.jpg;4
stadium_535.jpg;39
dense_residential_500.jpg;11
parking_lot_640.jpg;28
runway_567.jpg;34
mobile_home_park_324.jpg;24
mountain_324.jpg;25
mobile_home_park_041.jpg;24
airplane_175.jpg;0
circular_farmland_154.jpg;8
cloud_180.jpg;9
church_071.jpg;7
river_026.jpg;32
snowberg_540.jpg;37
tennis_court_507.jpg;41
chaparral_450.jpg;6
rectangular_farmland_606.jpg;31
ground_track_field_264.jpg;16
terrace_026.jpg;42
golf_course_535.jpg;15
rectangular_farmland_264.jpg;31
beach_081.jpg;4
storage_tank_448.jpg;40
industrial_area_356.jpg;18
circular_farmland_081.jpg;8
airplane_467.jpg;0
sparse_residential_175.jpg;38
mountain_071.jpg;25
chaparral_102.jpg;6
industrial_area_175.jpg;18
desert_071.jpg;12
baseball_diamond_556.jpg;2
snowberg_175.jpg;37
airport_200.jpg;1
stadium_163.jpg;39
snowberg_507.jpg;37
sea_ice_270.jpg;35
tennis_court_554.jpg;41
airport_540.jpg;1
river_467.jpg;32
dense_residential_044.jpg;11
meadow_031.jpg;22
snowberg_553.jpg;37
intersection_438.jpg;19
beach_031.jpg;4
desert_440.jpg;12
airport_330.jpg;1
cloud_041.jpg;9
ship_390.jpg;36
cloud_370.jpg;9
sparse_residential_674.jpg;38
stadium_542.jpg;39
commercial_area_197.jpg;10
rectangular_farmland_041.jpg;31
sea_ice_598.jpg;35
cloud_055.jpg;9
industrial_area_674.jpg;18
island_629.jpg;20
sea_ice_402.jpg;35
railway_station_071.jpg;30
sparse_residential_632.jpg;38
mobile_home_park_259.jpg;24
palace_264.jpg;27
ship_361.jpg;36
railway_428.jpg;29
stadium_081.jpg;39
mobile_home_park_390.jpg;24
medium_residential_259.jpg;23
island_269.jpg;20
industrial_area_295.jpg;18
runway_200.jpg;34
desert_540.jpg;12
overpass_438.jpg;26
harbor_629.jpg;17
tennis_court_052.jpg;41
railway_402.jpg;29
terrace_390.jpg;42
bridge_160.jpg;5
lake_598.jpg;21
tennis_court_589.jpg;41
medium_residential_440.jpg;23
sparse_residential_598.jpg;38
runway_041.jpg;34
thermal_power_station_358.jpg;43
snowberg_270.jpg;37
harbor_661.jpg;17
ground_track_field_361.jpg;16
beach_264.jpg;4
snowberg_164.jpg;37
airplane_190.jpg;0
parking_lot_700.jpg;28
ground_track_field_428.jpg;16
dense_residential_567.jpg;11
airport_596.jpg;1
freeway_190.jpg;14
intersection_270.jpg;19
overpass_330.jpg;26
mobile_home_park_496.jpg;24
railway_071.jpg;29
meadow_052.jpg;22
railway_560.jpg;29
bridge_031.jpg;5
overpass_632.jpg;26
forest_346.jpg;13
sparse_residential_160.jpg;38
industrial_area_428.jpg;18
ground_track_field_358.jpg;16
runway_058.jpg;34
island_568.jpg;20
commercial_area_584.jpg;10
stadium_556.jpg;39
railway_186.jpg;29
railway_507.jpg;29
industrial_area_052.jpg;18
terrace_264.jpg;42
storage_tank_542.jpg;40
medium_residential_428.jpg;23
meadow_640.jpg;22
sparse_residential_356.jpg;38
overpass_175.jpg;26
beach_140.jpg;4
sea_ice_428.jpg;35
mountain_358.jpg;25
roundabout_438.jpg;33
tennis_court_330.jpg;41
overpass_441.jpg;26
bridge_140.jpg;5
church_081.jpg;7
rectangular_farmland_186.jpg;31
mobile_home_park_572.jpg;24
ground_track_field_356.jpg;16
island_567.jpg;20
baseball_diamond_175.jpg;2
rectangular_farmland_160.jpg;31
harbor_554.jpg;17
sparse_residential_164.jpg;38
baseball_diamond_361.jpg;2
bridge_058.jpg;5
ship_044.jpg;36
bridge_448.jpg;5
circular_farmland_500.jpg;8
railway_554.jpg;29
storage_tank_164.jpg;40
river_473.jpg;32
snowberg_071.jpg;37
rectangular_farmland_402.jpg;31
medium_residential_481.jpg;23
railway_323.jpg;29
mobile_home_park_197.jpg;24
sparse_residential_071.jpg;38
storage_tank_554.jpg;40
roundabout_584.jpg;33
roundabout_200.jpg;33
chaparral_028.jpg;6
rectangular_farmland_496.jpg;31
wetland_041.jpg;44
sea_ice_154.jpg;35
medium_residential_186.jpg;23
meadow_428.jpg;22
forest_046.jpg;13
roundabout_554.jpg;33
dense_residential_572.jpg;11
freeway_640.jpg;14
wetland_644.jpg;44
forest_678.jpg;13
industrial_area_361.jpg;18
snowberg_324.jpg;37
terrace_214.jpg;42
thermal_power_station_356.jpg;43
medium_residential_438.jpg;23
roundabout_330.jpg;33
lake_324.jpg;21
sea_ice_554.jpg;35
desert_441.jpg;12
beach_632.jpg;4
railway_station_197.jpg;30
island_356.jpg;20
forest_700.jpg;13
golf_course_200.jpg;15
church_572.jpg;7
runway_324.jpg;34
island_507.jpg;20
storage_tank_572.jpg;40
storage_tank_500.jpg;40
harbor_560.jpg;17
mobile_home_park_055.jpg;24
airplane_632.jpg;0
stadium_441.jpg;39
terrace_031.jpg;42
rectangular_farmland_438.jpg;31
intersection_140.jpg;19
river_451.jpg;32
wetland_496.jpg;44
airplane_264.jpg;0
circular_farmland_197.jpg;8
railway_572.jpg;29
basketball_court_264.jpg;3
meadow_554.jpg;22
ship_270.jpg;36
island_674.jpg;20
circular_farmland_473.jpg;8
terrace_441.jpg;42
wetland_448.jpg;44
dense_residential_200.jpg;11
lake_071.jpg;21
river_402.jpg;32
mountain_448.jpg;25
commercial_area_214.jpg;10
rectangular_farmland_572.jpg;31
medium_residential_473.jpg;23
storage_tank_496.jpg;40
circular_farmland_071.jpg;8
harbor_356.jpg;17
desert_041.jpg;12
cloud_303.jpg;9
circular_farmland_026.jpg;8
parking_lot_055.jpg;28
commercial_area_260.jpg;10
medium_residential_190.jpg;23
mobile_home_park_164.jpg;24
circular_farmland_441.jpg;8
tennis_court_269.jpg;41
palace_403.jpg;27
commercial_area_674.jpg;10
medium_residential_154.jpg;23
storage_tank_640.jpg;40
mountain_055.jpg;25
circular_farmland_451.jpg;8
church_700.jpg;7
rectangular_farmland_507.jpg;31
freeway_598.jpg;14
runway_560.jpg;34
lake_361.jpg;21
church_227.jpg;7
river_553.jpg;32
mobile_home_park_632.jpg;24
medium_residential_323.jpg;23
runway_164.jpg;34
mountain_164.jpg;25
roundabout_500.jpg;33
basketball_court_473.jpg;3
thermal_power_station_190.jpg;43
sparse_residential_134.jpg;38
sea_ice_553.jpg;35
thermal_power_station_163.jpg;43
terrace_467.jpg;42
basketball_court_356.jpg;3
church_640.jpg;7
mountain_264.jpg;25
thermal_power_station_264.jpg;43
terrace_606.jpg;42
wetland_441.jpg;44
forest_546.jpg;13
railway_station_440.jpg;30
railway_269.jpg;29
harbor_644.jpg;17
meadow_661.jpg;22
terrace_081.jpg;42
wetland_535.jpg;44
dense_residential_031.jpg;11
cloud_310.jpg;9
thermal_power_station_632.jpg;43
bridge_700.jpg;5
mobile_home_park_356.jpg;24
medium_residential_500.jpg;23
thermal_power_station_467.jpg;43
rectangular_farmland_568.jpg;31
desert_451.jpg;12
intersection_260.jpg;19
snowberg_323.jpg;37
storage_tank_214.jpg;40
mountain_044.jpg;25
chaparral_058.jpg;6
bridge_164.jpg;5
lake_197.jpg;21
overpass_026.jpg;26
mountain_081.jpg;25
roundabout_295.jpg;33
basketball_court_441.jpg;3
railway_356.jpg;29
commercial_area_402.jpg;10
desert_154.jpg;12
stadium_661.jpg;39
dense_residential_584.jpg;11
river_441.jpg;32
ship_467.jpg;36
dense_residential_081.jpg;11
chaparral_208.jpg;6
parking_lot_214.jpg;28
airport_269.jpg;1
beach_197.jpg;4
parking_lot_330.jpg;28
baseball_diamond_467.jpg;2
overpass_572.jpg;26
ship_154.jpg;36
industrial_area_061.jpg;18
overpass_134.jpg;26
mountain_441.jpg;25
airplane_041.jpg;0
wetland_640.jpg;44
meadow_026.jpg;22
airport_197.jpg;1
tennis_court_535.jpg;41
meadow_154.jpg;22
runway_358.jpg;34
mobile_home_park_403.jpg;24
wetland_134.jpg;44
palace_134.jpg;27
railway_station_269.jpg;30
meadow_259.jpg;22
meadow_473.jpg;22
rectangular_farmland_553.jpg;31
golf_course_190.jpg;15
runway_598.jpg;34
snowberg_554.jpg;37
airport_538.jpg;1
river_568.jpg;32
medium_residential_560.jpg;23
sea_ice_323.jpg;35
tennis_court_451.jpg;41
ground_track_field_269.jpg;16
airport_259.jpg;1
sea_ice_295.jpg;35
industrial_area_330.jpg;18
stadium_674.jpg;39
lake_403.jpg;21
basketball_court_160.jpg;3
island_081.jpg;20
circular_farmland_140.jpg;8
ship_568.jpg;36
dense_residential_448.jpg;11
palace_496.jpg;27
wetland_052.jpg;44
church_402.jpg;7
chaparral_621.jpg;6
mountain_197.jpg;25
railway_535.jpg;29
commercial_area_606.jpg;10
circular_farmland_568.jpg;8
snowberg_403.jpg;37
palace_197.jpg;27
meadow_629.jpg;22
meadow_140.jpg;22
stadium_190.jpg;39
parking_lot_629.jpg;28
church_134.jpg;7
sea_ice_674.jpg;35
circular_farmland_200.jpg;8
terrace_061.jpg;42
tennis_court_568.jpg;41
island_061.jpg;20
railway_540.jpg;29
island_026.jpg;20
rectangular_farmland_361.jpg;31
commercial_area_572.jpg;10
church_606.jpg;7
intersection_163.jpg;19
meadow_164.jpg;22
desert_560.jpg;12
railway_station_061.jpg;30
island_330.jpg;20
runway_160.jpg;34
freeway_134.jpg;14
storage_tank_081.jpg;40
basketball_court_259.jpg;3
commercial_area_428.jpg;10
beach_606.jpg;4
lake_402.jpg;21
thermal_power_station_071.jpg;43
parking_lot_200.jpg;28
parking_lot_323.jpg;28
baseball_diamond_356.jpg;2
roundabout_264.jpg;33
mobile_home_park_330.jpg;24
sparse_residential_154.jpg;38
ship_438.jpg;36
ship_451.jpg;36
ship_473.jpg;36
ground_track_field_260.jpg;16
meadow_674.jpg;22
baseball_diamond_260.jpg;2
roundabout_061.jpg;33
thermal_power_station_700.jpg;43
golf_course_629.jpg;15
church_568.jpg;7
golf_course_540.jpg;15
golf_course_661.jpg;15
basketball_court_061.jpg;3
palace_031.jpg;27
forest_052.jpg;13
stadium_061.jpg;39
medium_residential_058.jpg;23
snowberg_044.jpg;37
church_154.jpg;7
mountain_227.jpg;25
baseball_diamond_644.jpg;2
church_448.jpg;7
wetland_186.jpg;44
cloud_134.jpg;9
airplane_507.jpg;0
commercial_area_140.jpg;10
airport_081.jpg;1
storage_tank_674.jpg;40
sparse_residential_061.jpg;38
mountain_554.jpg;25
overpass_540.jpg;26
bridge_270.jpg;5
parking_lot_227.jpg;28
roundabout_674.jpg;33
beach_700.jpg;4
chaparral_329.jpg;6
roundabout_044.jpg;33
railway_station_451.jpg;30
airplane_438.jpg;0
rectangular_farmland_358.jpg;31
airport_674.jpg;1
overpass_390.jpg;26
palace_553.jpg;27
railway_568.jpg;29
bridge_071.jpg;5
baseball_diamond_227.jpg;2
railway_station_496.jpg;30
wetland_175.jpg;44
overpass_061.jpg;26
mountain_160.jpg;25
railway_031.jpg;29
cloud_636.jpg;9
sparse_residential_568.jpg;38
mobile_home_park_140.jpg;24
ship_264.jpg;36
rectangular_farmland_632.jpg;31
commercial_area_026.jpg;10
baseball_diamond_044.jpg;2
river_632.jpg;32
harbor_061.jpg;17
basketball_court_200.jpg;3
terrace_644.jpg;42
railway_station_481.jpg;30
circular_farmland_572.jpg;8
lake_467.jpg;21
airport_044.jpg;1
snowberg_269.jpg;37
palace_661.jpg;27
roundabout_071.jpg;33
golf_course_441.jpg;15
parking_lot_061.jpg;28
airport_496.jpg;1
stadium_031.jpg;39
desert_500.jpg;12
storage_tank_403.jpg;40
circular_farmland_556.jpg;8
tennis_court_164.jpg;41
ground_track_field_606.jpg;16
stadium_361.jpg;39
sea_ice_081.jpg;35
harbor_556.jpg;17
forest_513.jpg;13
industrial_area_270.jpg;18
circular_farmland_044.jpg;8
ship_061.jpg;36
church_260.jpg;7
baseball_diamond_440.jpg;2
railway_324.jpg;29
forest_691.jpg;13
baseball_diamond_629.jpg;2
island_644.jpg;20
mobile_home_park_644.jpg;24
tennis_court_553.jpg;41
airport_270.jpg;1
baseball_diamond_134.jpg;2
railway_station_058.jpg;30
church_163.jpg;7
terrace_295.jpg;42
mobile_home_park_081.jpg;24
chaparral_650.jpg;6
church_324.jpg;7
desert_295.jpg;12
beach_041.jpg;4
circular_farmland_674.jpg;8
church_264.jpg;7
railway_055.jpg;29
medium_residential_330.jpg;23
thermal_power_station_438.jpg;43
basketball_court_055.jpg;3
snowberg_390.jpg;37
commercial_area_629.jpg;10
storage_tank_507.jpg;40
snowberg_700.jpg;37
meadow_260.jpg;22
runway_175.jpg;34
railway_station_540.jpg;30
island_661.jpg;20
freeway_058.jpg;14
ground_track_field_081.jpg;16
wetland_324.jpg;44
overpass_197.jpg;26
snowberg_160.jpg;37
terrace_197.jpg;42
terrace_629.jpg;42
desert_632.jpg;12
golf_course_134.jpg;15
river_071.jpg;32
stadium_324.jpg;39
sparse_residential_440.jpg;38
baseball_diamond_270.jpg;2
ground_track_field_323.jpg;16
airport_566.jpg;1
medium_residential_163.jpg;23
airport_440.jpg;1
meadow_567.jpg;22
basketball_court_026.jpg;3
stadium_500.jpg;39
desert_044.jpg;12
church_567.jpg;7
tennis_court_402.jpg;41
snowberg_264.jpg;37
mobile_home_park_134.jpg;24
sea_ice_330.jpg;35
airport_071.jpg;1
sea_ice_440.jpg;35
desert_496.jpg;12
industrial_area_163.jpg;18
desert_324.jpg;12
overpass_556.jpg;26
airplane_448.jpg;0
parking_lot_568.jpg;28
medium_residential_356.jpg;23
freeway_473.jpg;14
airplane_629.jpg;0
terrace_323.jpg;42
roundabout_553.jpg;33
bridge_535.jpg;5
circular_farmland_163.jpg;8
wetland_567.jpg;44
palace_556.jpg;27
airplane_540.jpg;0
basketball_court_440.jpg;3
roundabout_269.jpg;33
intersection_227.jpg;19
freeway_428.jpg;14
forest_398.jpg;13
tennis_court_390.jpg;41
lake_190.jpg;21
railway_station_632.jpg;30
freeway_535.jpg;14
forest_162.jpg;13
intersection_044.jpg;19
mountain_140.jpg;25
cloud_547.jpg;9
island_448.jpg;20
baseball_diamond_214.jpg;2
terrace_330.jpg;42
airport_164.jpg;1
railway_598.jpg;29
ground_track_field_031.jpg;16
church_041.jpg;7
runway_190.jpg;34
palace_055.jpg;27
cloud_153.jpg;9
meadow_467.jpg;22
medium_residential_556.jpg;23
palace_190.jpg;27
meadow_269.jpg;22
mountain_467.jpg;25
tennis_court_556.jpg;41
airplane_361.jpg;0
sparse_residential_629.jpg;38
overpass_214.jpg;26
mobile_home_park_323.jpg;24
storage_tank_467.jpg;40
desert_700.jpg;12
sea_ice_556.jpg;35
overpass_358.jpg;26
snowberg_295.jpg;37
ship_402.jpg;36
cloud_058.jpg;9
forest_608.jpg;13
industrial_area_358.jpg;18
palace_044.jpg;27
mountain_629.jpg;25
palace_058.jpg;27
railway_556.jpg;29
circular_farmland_160.jpg;8
freeway_560.jpg;14
parking_lot_507.jpg;28
roundabout_568.jpg;33
island_441.jpg;20
tennis_court_403.jpg;41
tennis_court_619.jpg;41
island_390.jpg;20
dense_residential_606.jpg;11
storage_tank_071.jpg;40
thermal_power_station_160.jpg;43
wetland_700.jpg;44
sparse_residential_260.jpg;38
circular_farmland_270.jpg;8
circular_farmland_190.jpg;8
mobile_home_park_160.jpg;24
bridge_467.jpg;5
cloud_190.jpg;9
terrace_058.jpg;42
industrial_area_644.jpg;18
terrace_554.jpg;42
parking_lot_052.jpg;28
church_674.jpg;7
airplane_269.jpg;0
basketball_court_260.jpg;3
medium_residential_568.jpg;23
storage_tank_356.jpg;40
chaparral_596.jpg;6
commercial_area_507.jpg;10
overpass_554.jpg;26
baseball_diamond_500.jpg;2
meadow_324.jpg;22
baseball_diamond_438.jpg;2
sparse_residential_438.jpg;38
palace_259.jpg;27
desert_214.jpg;12
roundabout_164.jpg;33
island_496.jpg;20
commercial_area_330.jpg;10
storage_tank_700.jpg;40
runway_451.jpg;34
mobile_home_park_661.jpg;24
basketball_court_134.jpg;3
baseball_diamond_330.jpg;2
tennis_court_467.jpg;41
dense_residential_632.jpg;11
overpass_071.jpg;26
river_081.jpg;32
industrial_area_031.jpg;18
mountain_584.jpg;25
river_052.jpg;32
roundabout_606.jpg;33
roundabout_055.jpg;33
sea_ice_197.jpg;35
thermal_power_station_584.jpg;43
beach_190.jpg;4
church_560.jpg;7
industrial_area_403.jpg;18
railway_station_330.jpg;30
harbor_467.jpg;17
sea_ice_496.jpg;35
beach_154.jpg;4
wetland_451.jpg;44
meadow_227.jpg;22
industrial_area_260.jpg;18
mountain_390.jpg;25
stadium_640.jpg;39
river_055.jpg;32
airport_428.jpg;1
bridge_403.jpg;5
desert_542.jpg;12
airplane_402.jpg;0
runway_214.jpg;34
sparse_residential_500.jpg;38
golf_course_402.jpg;15
industrial_area_134.jpg;18
cloud_480.jpg;9
beach_542.jpg;4
snowberg_140.jpg;37
railway_438.jpg;29
cloud_533.jpg;9
ship_055.jpg;36
freeway_568.jpg;14
baseball_diamond_606.jpg;2
parking_lot_584.jpg;28
meadow_644.jpg;22
circular_farmland_507.jpg;8
sparse_residential_358.jpg;38
ship_071.jpg;36
bridge_190.jpg;5
church_542.jpg;7
cloud_148.jpg;9
meadow_568.jpg;22
circular_farmland_448.jpg;8
thermal_power_station_044.jpg;43
parking_lot_270.jpg;28
desert_390.jpg;12
parking_lot_163.jpg;28
rectangular_farmland_540.jpg;31
parking_lot_140.jpg;28
beach_055.jpg;4
island_598.jpg;20
river_661.jpg;32
commercial_area_644.jpg;10
meadow_160.jpg;22
intersection_052.jpg;19
terrace_356.jpg;42
intersection_175.jpg;19
mobile_home_park_186.jpg;24
beach_358.jpg;4
tennis_court_440.jpg;41
harbor_154.jpg;17
parking_lot_324.jpg;28
intersection_632.jpg;19
railway_496.jpg;29
river_197.jpg;32
rectangular_farmland_227.jpg;31
lake_264.jpg;21
railway_200.jpg;29
cloud_548.jpg;9
tennis_court_560.jpg;41
industrial_area_214.jpg;18
palace_440.jpg;27
parking_lot_572.jpg;28
baseball_diamond_058.jpg;2
forest_060.jpg;13
industrial_area_200.jpg;18
cloud_176.jpg;9
river_496.jpg;32
snowberg_496.jpg;37
bridge_568.jpg;5
rectangular_farmland_440.jpg;31
wetland_140.jpg;44
medium_residential_071.jpg;23
airport_533.jpg;1
harbor_606.jpg;17
terrace_041.jpg;42
freeway_154.jpg;14
industrial_area_535.jpg;18
dense_residential_324.jpg;11
sparse_residential_390.jpg;38
church_186.jpg;7
ground_track_field_448.jpg;16
parking_lot_186.jpg;28
mountain_058.jpg;25
railway_632.jpg;29
meadow_390.jpg;22
baseball_diamond_560.jpg;2
railway_197.jpg;29
mobile_home_park_481.jpg;24
freeway_467.jpg;14
palace_361.jpg;27
thermal_power_station_055.jpg;43
storage_tank_044.jpg;40
sea_ice_535.jpg;35
church_481.jpg;7
mobile_home_park_473.jpg;24
commercial_area_134.jpg;10
island_200.jpg;20
ground_track_field_052.jpg;16
rectangular_farmland_214.jpg;31
harbor_598.jpg;17
beach_026.jpg;4
sparse_residential_052.jpg;38
roundabout_270.jpg;33
lake_227.jpg;21
island_500.jpg;20
sea_ice_134.jpg;35
thermal_power_station_567.jpg;43
circular_farmland_358.jpg;8
roundabout_227.jpg;33
railway_station_700.jpg;30
stadium_071.jpg;39
medium_residential_197.jpg;23
beach_567.jpg;4
sparse_residential_269.jpg;38
thermal_power_station_598.jpg;43
cloud_461.jpg;9
commercial_area_700.jpg;10
railway_160.jpg;29
terrace_154.jpg;42
mobile_home_park_214.jpg;24
forest_177.jpg;13
storage_tank_556.jpg;40
airplane_556.jpg;0
terrace_661.jpg;42
parking_lot_473.jpg;28
beach_200.jpg;4
intersection_572.jpg;19
island_044.jpg;20
mobile_home_park_295.jpg;24
intersection_071.jpg;19
rectangular_farmland_270.jpg;31
mobile_home_park_606.jpg;24
desert_584.jpg;12
storage_tank_197.jpg;40
snowberg_227.jpg;37
mobile_home_park_031.jpg;24
desert_323.jpg;12
ship_428.jpg;36
island_175.jpg;20
palace_052.jpg;27
church_358.jpg;7
railway_259.jpg;29
airport_661.jpg;1
golf_course_542.jpg;15
stadium_438.jpg;39
wetland_428.jpg;44
beach_186.jpg;4
intersection_160.jpg;19
roundabout_428.jpg;33
harbor_448.jpg;17
medium_residential_295.jpg;23
river_500.jpg;32
ship_186.jpg;36
sea_ice_572.jpg;35
lake_259.jpg;21
baseball_diamond_140.jpg;2
runway_402.jpg;34
intersection_200.jpg;19
parking_lot_197.jpg;28
airport_467.jpg;1
overpass_567.jpg;26
rectangular_farmland_390.jpg;31
church_507.jpg;7
mountain_700.jpg;25
airplane_052.jpg;0
church_175.jpg;7
roundabout_140.jpg;33
basketball_court_052.jpg;3
cloud_522.jpg;9
runway_330.jpg;34
medium_residential_260.jpg;23
stadium_259.jpg;39
thermal_power_station_568.jpg;43
railway_station_358.jpg;30
golf_course_500.jpg;15
tennis_court_190.jpg;41
sea_ice_540.jpg;35
mountain_674.jpg;25
river_175.jpg;32
desert_061.jpg;12
ship_163.jpg;36
railway_station_554.jpg;30
church_160.jpg;7
railway_station_324.jpg;30
ground_track_field_041.jpg;16
medium_residential_700.jpg;23
storage_tank_175.jpg;40
overpass_496.jpg;26
rectangular_farmland_584.jpg;31
stadium_041.jpg;39
airplane_451.jpg;0
dense_residential_052.jpg;11
forest_174.jpg;13
railway_260.jpg;29
parking_lot_535.jpg;28
airplane_164.jpg;0
rectangular_farmland_058.jpg;31
bridge_428.jpg;5
meadow_700.jpg;22
airplane_071.jpg;0
cloud_165.jpg;9
storage_tank_606.jpg;40
beach_058.jpg;4
thermal_power_station_361.jpg;43
railway_175.jpg;29
church_438.jpg;7
mobile_home_park_269.jpg;24
wetland_507.jpg;44
harbor_026.jpg;17
freeway_358.jpg;14
ground_track_field_473.jpg;16
runway_154.jpg;34
intersection_061.jpg;19
storage_tank_553.jpg;40
airplane_500.jpg;0
parking_lot_567.jpg;28
snowberg_556.jpg;37
rectangular_farmland_081.jpg;31
lake_661.jpg;21
circular_farmland_438.jpg;8
railway_451.jpg;29
harbor_081.jpg;17
ground_track_field_055.jpg;16
medium_residential_061.jpg;23
overpass_356.jpg;26
airport_227.jpg;1
freeway_542.jpg;14
airport_041.jpg;1
island_163.jpg;20
rectangular_farmland_428.jpg;31
thermal_power_station_052.jpg;43
roundabout_556.jpg;33
palace_438.jpg;27
forest_366.jpg;13
mobile_home_park_553.jpg;24
terrace_640.jpg;42
basketball_court_031.jpg;3
sea_ice_441.jpg;35
medium_residential_264.jpg;23
commercial_area_259.jpg;10
chaparral_620.jpg;6
church_451.jpg;7
basketball_court_186.jpg;3
baseball_diamond_200.jpg;2
commercial_area_556.jpg;10
railway_station_507.jpg;30
church_269.jpg;7
medium_residential_572.jpg;23
thermal_power_station_451.jpg;43
intersection_026.jpg;19
overpass_200.jpg;26
industrial_area_598.jpg;18
river_598.jpg;32
cloud_487.jpg;9
snowberg_438.jpg;37
commercial_area_052.jpg;10
intersection_330.jpg;19
thermal_power_station_402.jpg;43
desert_269.jpg;12
ground_track_field_390.jpg;16
lake_052.jpg;21
mobile_home_park_554.jpg;24
rectangular_farmland_164.jpg;31
commercial_area_323.jpg;10
cloud_336.jpg;9
meadow_270.jpg;22
runway_061.jpg;34
railway_station_598.jpg;30
parking_lot_058.jpg;28
terrace_052.jpg;42
golf_course_496.jpg;15
runway_507.jpg;34
airport_390.jpg;1
circular_farmland_214.jpg;8
palace_448.jpg;27
airplane_356.jpg;0
meadow_134.jpg;22
overpass_361.jpg;26
harbor_134.jpg;17
airplane_260.jpg;0
cloud_061.jpg;9
stadium_496.jpg;39
commercial_area_163.jpg;10
terrace_438.jpg;42
bridge_451.jpg;5
freeway_260.jpg;14
meadow_330.jpg;22
church_356.jpg;7
freeway_556.jpg;14
beach_061.jpg;4
ship_026.jpg;36
dense_residential_553.jpg;11
ground_track_field_044.jpg;16
snowberg_560.jpg;37
industrial_area_556.jpg;18
terrace_535.jpg;42
meadow_441.jpg;22
industrial_area_402.jpg;18
mobile_home_park_598.jpg;24
ship_640.jpg;36
terrace_358.jpg;42
bridge_644.jpg;5
industrial_area_081.jpg;18
meadow_481.jpg;22
beach_473.jpg;4
island_428.jpg;20
intersection_081.jpg;19
intersection_500.jpg;19
sea_ice_451.jpg;35
palace_186.jpg;27
storage_tank_402.jpg;40
railway_264.jpg;29
terrace_440.jpg;42
commercial_area_451.jpg;10
commercial_area_041.jpg;10
chaparral_690.jpg;6
runway_055.jpg;34
desert_140.jpg;12
runway_026.jpg;34
lake_269.jpg;21
parking_lot_428.jpg;28
rectangular_farmland_190.jpg;31
palace_568.jpg;27
airplane_200.jpg;0
intersection_448.jpg;19
meadow_055.jpg;22
ship_542.jpg;36
runway_496.jpg;34
airplane_403.jpg;0
meadow_190.jpg;22
roundabout_473.jpg;33
ship_674.jpg;36
sea_ice_260.jpg;35
ground_track_field_700.jpg;16
dense_residential_041.jpg;11
harbor_540.jpg;17
ground_track_field_330.jpg;16
baseball_diamond_473.jpg;2
basketball_court_540.jpg;3
sea_ice_259.jpg;35
roundabout_640.jpg;33
wetland_164.jpg;44
storage_tank_428.jpg;40
ship_700.jpg;36
roundabout_214.jpg;33
meadow_496.jpg;22
lake_390.jpg;21
wetland_259.jpg;44
dense_residential_264.jpg;11
tennis_court_197.jpg;41
golf_course_052.jpg;15
sea_ice_190.jpg;35
sparse_residential_428.jpg;38
cloud_140.jpg;9
tennis_court_260.jpg;41
railway_481.jpg;29
mobile_home_park_071.jpg;24
snowberg_200.jpg;37
sea_ice_390.jpg;35
snowberg_163.jpg;37
terrace_269.jpg;42
sea_ice_214.jpg;35
railway_station_438.jpg;30
freeway_071.jpg;14
ship_584.jpg;36
palace_500.jpg;27
golf_course_260.jpg;15
harbor_190.jpg;17
golf_course_163.jpg;15
baseball_diamond_026.jpg;2
cloud_338.jpg;9
freeway_175.jpg;14
railway_station_500.jpg;30
bridge_055.jpg;5
ground_track_field_061.jpg;16
wetland_402.jpg;44
baseball_diamond_031.jpg;2
island_556.jpg;20
ship_259.jpg;36
basketball_court_058.jpg;3
roundabout_197.jpg;33
wetland_629.jpg;44
church_556.jpg;7
railway_station_567.jpg;30
airport_451.jpg;1
golf_course_403.jpg;15
roundabout_661.jpg;33
river_535.jpg;32
palace_160.jpg;27
stadium_606.jpg;39
intersection_190.jpg;19
thermal_power_station_674.jpg;43
mountain_175.jpg;25
thermal_power_station_214.jpg;43
mobile_home_park_542.jpg;24
baseball_diamond_190.jpg;2
mountain_473.jpg;25
runway_572.jpg;34
ship_356.jpg;36
palace_140.jpg;27
baseball_diamond_674.jpg;2
airplane_295.jpg;0
golf_course_041.jpg;15
overpass_164.jpg;26
airport_700.jpg;1
mountain_632.jpg;25
golf_course_061.jpg;15
stadium_428.jpg;39
mountain_556.jpg;25
golf_course_330.jpg;15
intersection_403.jpg;19
harbor_031.jpg;17
railway_station_606.jpg;30
terrace_584.jpg;42
wetland_438.jpg;44
intersection_567.jpg;19
snowberg_567.jpg;37
wetland_598.jpg;44
mountain_402.jpg;25
thermal_power_station_260.jpg;43
dense_residential_055.jpg;11
terrace_200.jpg;42
ground_track_field_200.jpg;16
airport_565.jpg;1
rectangular_farmland_324.jpg;31
lake_358.jpg;21
lake_200.jpg;21
railway_station_031.jpg;30
baseball_diamond_358.jpg;2
sea_ice_448.jpg;35
roundabout_026.jpg;33
palace_270.jpg;27
basketball_court_640.jpg;3
snowberg_260.jpg;37
parking_lot_264.jpg;28
parking_lot_542.jpg;28
sea_ice_058.jpg;35
sea_ice_200.jpg;35
river_542.jpg;32
industrial_area_568.jpg;18
ground_track_field_270.jpg;16
intersection_629.jpg;19
desert_572.jpg;12
storage_tank_568.jpg;40
harbor_164.jpg;17
meadow_553.jpg;22
desert_361.jpg;12
railway_station_041.jpg;30
river_438.jpg;32
lake_323.jpg;21
runway_700.jpg;34
harbor_632.jpg;17
beach_661.jpg;4
golf_course_031.jpg;15
airplane_324.jpg;0
stadium_403.jpg;39
airport_639.jpg;1
basketball_court_270.jpg;3
circular_farmland_440.jpg;8
intersection_186.jpg;19
ground_track_field_186.jpg;16
cloud_408.jpg;9
circular_farmland_164.jpg;8
beach_441.jpg;4
cloud_625.jpg;9
golf_course_438.jpg;15
chaparral_268.jpg;6
stadium_200.jpg;39
parking_lot_356.jpg;28
palace_473.jpg;27
lake_163.jpg;21
mountain_451.jpg;25
railway_190.jpg;29
industrial_area_264.jpg;18
mobile_home_park_568.jpg;24
meadow_361.jpg;22
river_448.jpg;32
medium_residential_081.jpg;23
stadium_214.jpg;39
basketball_court_535.jpg;3
river_270.jpg;32
lake_554.jpg;21
thermal_power_station_540.jpg;43
ground_track_field_190.jpg;16
airplane_026.jpg;0
rectangular_farmland_031.jpg;31
tennis_court_154.jpg;41
lake_330.jpg;21
harbor_269.jpg;17
intersection_269.jpg;19
medium_residential_044.jpg;23
rectangular_farmland_598.jpg;31
railway_553.jpg;29
basketball_court_190.jpg;3
cloud_431.jpg;9
palace_542.jpg;27
meadow_041.jpg;22
harbor_507.jpg;17
stadium_323.jpg;39
river_700.jpg;32
mobile_home_park_154.jpg;24
beach_164.jpg;4
island_164.jpg;20
ship_052.jpg;36
lake_640.jpg;21
mobile_home_park_674.jpg;24
forest_021.jpg;13
harbor_186.jpg;17
basketball_court_295.jpg;3
parking_lot_164.jpg;28
meadow_535.jpg;22
sea_ice_175.jpg;35
snowberg_154.jpg;37
basketball_court_644.jpg;3
cloud_420.jpg;9
meadow_438.jpg;22
lake_270.jpg;21
roundabout_507.jpg;33
meadow_560.jpg;22
intersection_295.jpg;19
airplane_568.jpg;0
freeway_140.jpg;14
harbor_572.jpg;17
thermal_power_station_140.jpg;43
mountain_259.jpg;25
railway_661.jpg;29
airplane_481.jpg;0
beach_440.jpg;4
basketball_court_163.jpg;3
cloud_275.jpg;9
church_661.jpg;7
commercial_area_269.jpg;10
stadium_154.jpg;39
ship_200.jpg;36
wetland_440.jpg;44
mobile_home_park_556.jpg;24
airplane_270.jpg;0
lake_140.jpg;21
railway_station_175.jpg;30
palace_507.jpg;27
forest_196.jpg;13
commercial_area_440.jpg;10
meadow_556.jpg;22
rectangular_farmland_071.jpg;31
beach_644.jpg;4
airplane_428.jpg;0
cloud_428.jpg;9
freeway_259.jpg;14
church_473.jpg;7
medium_residential_160.jpg;23
circular_farmland_553.jpg;8
dense_residential_214.jpg;11
railway_041.jpg;29
tennis_court_200.jpg;41
roundabout_481.jpg;33
meadow_163.jpg;22
river_358.jpg;32
terrace_259.jpg;42
church_467.jpg;7
roundabout_441.jpg;33
runway_481.jpg;34
basketball_court_214.jpg;3
sea_ice_356.jpg;35
stadium_451.jpg;39
parking_lot_451.jpg;28
overpass_259.jpg;26
baseball_diamond_451.jpg;2
sparse_residential_556.jpg;38
overpass_186.jpg;26
desert_163.jpg;12
terrace_572.jpg;42
railway_station_214.jpg;30
thermal_power_station_481.jpg;43
basketball_court_448.jpg;3
golf_course_428.jpg;15
church_554.jpg;7
railway_081.jpg;29
dense_residential_190.jpg;11
overpass_081.jpg;26
mobile_home_park_441.jpg;24
beach_390.jpg;4
intersection_700.jpg;19
stadium_160.jpg;39
intersection_323.jpg;19
harbor_361.jpg;17
sparse_residential_535.jpg;38
lake_031.jpg;21
airplane_496.jpg;0
freeway_227.jpg;14
wetland_556.jpg;44
overpass_644.jpg;26
terrace_560.jpg;42
tennis_court_542.jpg;41
basketball_court_560.jpg;3
desert_052.jpg;12
palace_700.jpg;27
meadow_572.jpg;22
circular_farmland_361.jpg;8
parking_lot_644.jpg;28
church_200.jpg;7
circular_farmland_356.jpg;8
parking_lot_361.jpg;28
terrace_700.jpg;42
beach_324.jpg;4
bridge_560.jpg;5
lake_134.jpg;21
airplane_044.jpg;0
harbor_553.jpg;17
ship_058.jpg;36
chaparral_083.jpg;6
baseball_diamond_259.jpg;2
church_632.jpg;7
circular_farmland_186.jpg;8
wetland_358.jpg;44
thermal_power_station_259.jpg;43
railway_station_441.jpg;30
cloud_250.jpg;9
runway_031.jpg;34
mountain_572.jpg;25
railway_station_661.jpg;30
storage_tank_632.jpg;40
freeway_055.jpg;14
island_535.jpg;20
roundabout_560.jpg;33
bridge_197.jpg;5
harbor_214.jpg;17
tennis_court_473.jpg;41
mobile_home_park_200.jpg;24
snowberg_214.jpg;37
lake_481.jpg;21
ground_track_field_535.jpg;16
mountain_190.jpg;25
island_473.jpg;20
runway_270.jpg;34
dense_residential_154.jpg;11
airport_403.jpg;1
wetland_330.jpg;44
thermal_power_station_295.jpg;43
airplane_058.jpg;0
railway_606.jpg;29
church_026.jpg;7
river_481.jpg;32
ship_160.jpg;36
mountain_026.jpg;25
beach_052.jpg;4
church_535.jpg;7
lake_507.jpg;21
snowberg_441.jpg;37
golf_course_058.jpg;15
sea_ice_473.jpg;35
thermal_power_station_175.jpg;43
circular_farmland_134.jpg;8
railway_station_640.jpg;30
beach_071.jpg;4
ground_track_field_553.jpg;16
desert_403.jpg;12
intersection_440.jpg;19
cloud_418.jpg;9
river_154.jpg;32
forest_504.jpg;13
roundabout_390.jpg;33
terrace_496.jpg;42
wetland_058.jpg;44
mountain_507.jpg;25
ground_track_field_324.jpg;16
desert_081.jpg;12
railway_station_535.jpg;30
basketball_court_323.jpg;3
dense_residential_330.jpg;11
airport_505.jpg;1
airport_186.jpg;1
roundabout_451.jpg;33
rectangular_farmland_154.jpg;31
beach_361.jpg;4
overpass_270.jpg;26
bridge_081.jpg;5
harbor_402.jpg;17
tennis_court_134.jpg;41
sea_ice_629.jpg;35
overpass_044.jpg;26
thermal_power_station_061.jpg;43
commercial_area_481.jpg;10
rectangular_farmland_448.jpg;31
tennis_court_227.jpg;41
wetland_055.jpg;44
wetland_295.jpg;44
beach_403.jpg;4
basketball_court_403.jpg;3
parking_lot_553.jpg;28
circular_farmland_540.jpg;8
church_295.jpg;7
wetland_044.jpg;44
intersection_058.jpg;19
desert_227.jpg;12
baseball_diamond_700.jpg;2
rectangular_farmland_323.jpg;31
sparse_residential_572.jpg;38
forest_537.jpg;13
freeway_661.jpg;14
harbor_440.jpg;17
cloud_244.jpg;9
mountain_154.jpg;25
railway_052.jpg;29
meadow_058.jpg;22
overpass_052.jpg;26
storage_tank_330.jpg;40
rectangular_farmland_556.jpg;31
golf_course_026.jpg;15
basketball_court_451.jpg;3
harbor_323.jpg;17
railway_542.jpg;29
intersection_441.jpg;19
bridge_264.jpg;5
wetland_154.jpg;44
mobile_home_park_190.jpg;24
railway_270.jpg;29
mountain_200.jpg;25
overpass_467.jpg;26
forest_226.jpg;13
circular_farmland_295.jpg;8
railway_390.jpg;29
cloud_536.jpg;9
commercial_area_542.jpg;10
river_540.jpg;32
runway_674.jpg;34
thermal_power_station_644.jpg;43
cloud_476.jpg;9
storage_tank_140.jpg;40
airport_356.jpg;1
parking_lot_081.jpg;28
freeway_440.jpg;14
chaparral_467.jpg;6
island_227.jpg;20
church_031.jpg;7
snowberg_584.jpg;37
harbor_295.jpg;17
meadow_071.jpg;22
palace_606.jpg;27
roundabout_440.jpg;33
sparse_residential_507.jpg;38
dense_residential_674.jpg;11
overpass_323.jpg;26
mobile_home_park_440.jpg;24
medium_residential_140.jpg;23
basketball_court_572.jpg;3
harbor_200.jpg;17
ground_track_field_481.jpg;16
medium_residential_134.jpg;23
commercial_area_081.jpg;10
railway_station_186.jpg;30
stadium_186.jpg;39
dense_residential_554.jpg;11
meadow_081.jpg;22
basketball_court_553.jpg;3
stadium_568.jpg;39
ship_214.jpg;36
sea_ice_031.jpg;35
golf_course_556.jpg;15
dense_residential_542.jpg;11
rectangular_farmland_441.jpg;31
runway_440.jpg;34
harbor_403.jpg;17
lake_260.jpg;21
stadium_330.jpg;39
airport_324.jpg;1
island_186.jpg;20
airport_558.jpg;1
church_214.jpg;7
basketball_court_584.jpg;3
lake_356.jpg;21
basketball_court_467.jpg;3
storage_tank_438.jpg;40
ground_track_field_295.jpg;16
industrial_area_661.jpg;18
mountain_540.jpg;25
sparse_residential_186.jpg;38
ship_081.jpg;36
palace_200.jpg;27
tennis_court_031.jpg;41
chaparral_491.jpg;6
airport_358.jpg;1
intersection_134.jpg;19
thermal_power_station_200.jpg;43
beach_568.jpg;4
snowberg_061.jpg;37
stadium_058.jpg;39
river_227.jpg;32
airport_628.jpg;1
bridge_567.jpg;5
roundabout_644.jpg;33
beach_227.jpg;4
intersection_467.jpg;19
stadium_260.jpg;39
golf_course_361.jpg;15
meadow_323.jpg;22
rectangular_farmland_473.jpg;31
railway_station_044.jpg;30
terrace_540.jpg;42
dense_residential_175.jpg;11
rectangular_farmland_163.jpg;31
ship_164.jpg;36
airport_448.jpg;1
thermal_power_station_270.jpg;43
cloud_304.jpg;9
dense_residential_438.jpg;11
sparse_residential_441.jpg;38
golf_course_598.jpg;15
forest_062.jpg;13
bridge_473.jpg;5
island_295.jpg;20
rectangular_farmland_052.jpg;31
tennis_court_071.jpg;41
basketball_court_175.jpg;3
railway_station_356.jpg;30
stadium_052.jpg;39
wetland_270.jpg;44
railway_044.jpg;29
island_467.jpg;20
lake_428.jpg;21
lake_154.jpg;21
golf_course_186.jpg;15
railway_358.jpg;29
stadium_390.jpg;39
terrace_324.jpg;42
freeway_441.jpg;14
church_428.jpg;7
cloud_052.jpg;9
terrace_500.jpg;42
commercial_area_448.jpg;10
palace_540.jpg;27
airplane_140.jpg;0
railway_station_264.jpg;30
overpass_507.jpg;26
golf_course_044.jpg;15
railway_140.jpg;29
basketball_court_227.jpg;3
desert_186.jpg;12
overpass_598.jpg;26
parking_lot_606.jpg;28
island_542.jpg;20
church_055.jpg;7
basketball_court_197.jpg;3
sparse_residential_473.jpg;38
dense_residential_598.jpg;11
cloud_607.jpg;9
baseball_diamond_567.jpg;2
island_606.jpg;20
runway_356.jpg;34
chaparral_652.jpg;6
snowberg_031.jpg;37
forest_565.jpg;13
ship_441.jpg;36
circular_farmland_598.jpg;8
golf_course_227.jpg;15
runway_441.jpg;34
sparse_residential_554.jpg;38
palace_071.jpg;27
industrial_area_440.jpg;18
overpass_190.jpg;26
basketball_court_269.jpg;3
intersection_402.jpg;19
palace_674.jpg;27
commercial_area_358.jpg;10
commercial_area_031.jpg;10
roundabout_598.jpg;33
wetland_390.jpg;44
ship_540.jpg;36
island_071.jpg;20
island_154.jpg;20
bridge_026.jpg;5
ground_track_field_560.jpg;16
thermal_power_station_197.jpg;43
beach_428.jpg;4
airport_552.jpg;1
commercial_area_295.jpg;10
terrace_260.jpg;42
thermal_power_station_560.jpg;43
airport_154.jpg;1
basketball_court_428.jpg;3
dense_residential_451.jpg;11
parking_lot_259.jpg;28
bridge_481.jpg;5
bridge_500.jpg;5
basketball_court_507.jpg;3
thermal_power_station_448.jpg;43
dense_residential_026.jpg;11
stadium_540.jpg;39
harbor_473.jpg;17
industrial_area_269.jpg;18
dense_residential_428.jpg;11
palace_164.jpg;27
desert_197.jpg;12
meadow_356.jpg;22
circular_farmland_227.jpg;8
airport_052.jpg;1
beach_535.jpg;4
storage_tank_644.jpg;40
island_140.jpg;20
harbor_481.jpg;17
medium_residential_361.jpg;23
rectangular_farmland_451.jpg;31
beach_163.jpg;4
runway_269.jpg;34
bridge_163.jpg;5
bridge_440.jpg;5
palace_584.jpg;27
storage_tank_134.jpg;40
dense_residential_644.jpg;11
desert_026.jpg;12
beach_584.jpg;4
mobile_home_park_438.jpg;24
golf_course_358.jpg;15
freeway_606.jpg;14
harbor_330.jpg;17
baseball_diamond_390.jpg;2
snowberg_467.jpg;37
mobile_home_park_629.jpg;24
lake_448.jpg;21
parking_lot_160.jpg;28
harbor_259.jpg;17
harbor_568.jpg;17
tennis_court_448.jpg;41
medium_residential_055.jpg;23
wetland_081.jpg;44
roundabout_163.jpg;33
intersection_451.jpg;19
bridge_507.jpg;5
stadium_269.jpg;39
ground_track_field_674.jpg;16
parking_lot_031.jpg;28
stadium_264.jpg;39
meadow_403.jpg;22
ship_560.jpg;36
ship_227.jpg;36
commercial_area_500.jpg;10
storage_tank_481.jpg;40
ground_track_field_572.jpg;16
palace_560.jpg;27
dense_residential_661.jpg;11
ground_track_field_584.jpg;16
ground_track_field_567.jpg;16
basketball_court_081.jpg;3
sparse_residential_041.jpg;38
mobile_home_park_058.jpg;24
sparse_residential_026.jpg;38
railway_station_556.jpg;30
golf_course_473.jpg;15
palace_632.jpg;27
intersection_606.jpg;19
thermal_power_station_629.jpg;43
circular_farmland_428.jpg;8
wetland_227.jpg;44
industrial_area_542.jpg;18
thermal_power_station_041.jpg;43
island_403.jpg;20
harbor_227.jpg;17
dense_residential_061.jpg;11
cloud_421.jpg;9
cloud_552.jpg;9
lake_572.jpg;21
dense_residential_540.jpg;11
mountain_644.jpg;25
commercial_area_324.jpg;10
overpass_629.jpg;26
runway_629.jpg;34
ground_track_field_026.jpg;16
golf_course_269.jpg;15
river_556.jpg;32
airplane_440.jpg;0
industrial_area_441.jpg;18
desert_134.jpg;12
medium_residential_540.jpg;23
parking_lot_598.jpg;28
wetland_584.jpg;44
sea_ice_467.jpg;35
chaparral_229.jpg;6
tennis_court_428.jpg;41
industrial_area_467.jpg;18
mobile_home_park_260.jpg;24
bridge_584.jpg;5
island_323.jpg;20
dense_residential_358.jpg;11
snowberg_190.jpg;37
terrace_674.jpg;42
intersection_556.jpg;19
runway_259.jpg;34
sea_ice_055.jpg;35
railway_295.jpg;29
intersection_358.jpg;19
airport_175.jpg;1
storage_tank_269.jpg;40
airport_134.jpg;1
railway_station_260.jpg;30
desert_200.jpg;12
storage_tank_259.jpg;40
basketball_court_481.jpg;3
mobile_home_park_402.jpg;24
bridge_556.jpg;5
airport_260.jpg;1
snowberg_451.jpg;37
snowberg_448.jpg;37
sea_ice_606.jpg;35
mountain_598.jpg;25
tennis_court_270.jpg;41
beach_500.jpg;4
stadium_467.jpg;39
island_270.jpg;20
storage_tank_295.jpg;40
forest_564.jpg;13
terrace_632.jpg;42
chaparral_049.jpg;6
airplane_644.jpg;0
roundabout_356.jpg;33
ground_track_field_500.jpg;16
cloud_628.jpg;9
terrace_175.jpg;42
snowberg_356.jpg;37
industrial_area_606.jpg;18
island_632.jpg;20
mountain_568.jpg;25
airport_295.jpg;1
intersection_197.jpg;19
airport_481.jpg;1
sea_ice_269.jpg;35
mobile_home_park_540.jpg;24
mountain_356.jpg;25
thermal_power_station_390.jpg;43
meadow_632.jpg;22
thermal_power_station_330.jpg;43
meadow_606.jpg;22
lake_567.jpg;21
wetland_632.jpg;44
circular_farmland_496.jpg;8
overpass_542.jpg;26
snowberg_674.jpg;37
snowberg_055.jpg;37
church_058.jpg;7
runway_071.jpg;34
roundabout_186.jpg;33
river_390.jpg;32
roundabout_700.jpg;33
storage_tank_260.jpg;40
dense_residential_700.jpg;11
sparse_residential_606.jpg;38
airport_140.jpg;1
runway_264.jpg;34
medium_residential_390.jpg;23
parking_lot_560.jpg;28
parking_lot_190.jpg;28
railway_361.jpg;29
chaparral_539.jpg;6
storage_tank_163.jpg;40
bridge_358.jpg;5
basketball_court_598.jpg;3
meadow_500.jpg;22
industrial_area_044.jpg;18
ground_track_field_227.jpg;16
cloud_239.jpg;9
roundabout_361.jpg;33
rectangular_farmland_700.jpg;31
rectangular_farmland_175.jpg;31
airplane_197.jpg;0
bridge_661.jpg;5
parking_lot_674.jpg;28
runway_044.jpg;34
chaparral_392.jpg;6
storage_tank_026.jpg;40
lake_606.jpg;21
commercial_area_441.jpg;10
parking_lot_044.jpg;28
sparse_residential_496.jpg;38
harbor_044.jpg;17
freeway_200.jpg;14
railway_674.jpg;29
desert_356.jpg;12
bridge_260.jpg;5
meadow_061.jpg;22
cloud_383.jpg;9
freeway_270.jpg;14
ground_track_field_598.jpg;16
freeway_481.jpg;14
freeway_632.jpg;14
stadium_644.jpg;39
sea_ice_061.jpg;35
circular_farmland_560.jpg;8
overpass_403.jpg;26
thermal_power_station_554.jpg;43
railway_station_644.jpg;30
circular_farmland_269.jpg;8
lake_542.jpg;21
harbor_197.jpg;17
parking_lot_438.jpg;28
freeway_390.jpg;14
mountain_567.jpg;25
stadium_134.jpg;39
island_260.jpg;20
lake_473.jpg;21
sparse_residential_324.jpg;38
palace_572.jpg;27
rectangular_farmland_567.jpg;31
industrial_area_140.jpg;18
runway_295.jpg;34
terrace_227.jpg;42
beach_270.jpg;4
river_324.jpg;32
intersection_361.jpg;19
snowberg_644.jpg;37
harbor_260.jpg;17
sparse_residential_214.jpg;38
medium_residential_674.jpg;23
lake_568.jpg;21
airplane_134.jpg;0
golf_course_154.jpg;15
beach_448.jpg;4
commercial_area_535.jpg;10
golf_course_264.jpg;15
freeway_438.jpg;14
bridge_496.jpg;5
lake_556.jpg;21
airport_055.jpg;1
ship_500.jpg;36
roundabout_448.jpg;33
wetland_467.jpg;44
parking_lot_448.jpg;28
beach_598.jpg;4
golf_course_140.jpg;15
dense_residential_227.jpg;11
overpass_154.jpg;26
beach_330.jpg;4
industrial_area_438.jpg;18
commercial_area_164.jpg;10
golf_course_674.jpg;15
mountain_661.jpg;25
tennis_court_659.jpg;41
airport_160.jpg;1
overpass_227.jpg;26
cloud_659.jpg;9
bridge_441.jpg;5
snowberg_606.jpg;37
basketball_court_358.jpg;3
storage_tank_540.jpg;40
golf_course_160.jpg;15
basketball_court_674.jpg;3
freeway_584.jpg;14
overpass_500.jpg;26
sparse_residential_323.jpg;38
ship_554.jpg;36
river_164.jpg;32
river_160.jpg;32
desert_175.jpg;12
intersection_674.jpg;19
tennis_court_081.jpg;41
ship_134.jpg;36
dense_residential_270.jpg;11
circular_farmland_632.jpg;8
medium_residential_448.jpg;23
bridge_606.jpg;5
airplane_160.jpg;0
cloud_211.jpg;9
tennis_court_214.jpg;41
mountain_440.jpg;25
circular_farmland_390.jpg;8
tennis_court_567.jpg;41
bridge_061.jpg;5
ship_448.jpg;36
tennis_court_496.jpg;41
roundabout_324.jpg;33
tennis_court_629.jpg;41
storage_tank_358.jpg;40
roundabout_081.jpg;33
storage_tank_323.jpg;40
wetland_190.jpg;44
stadium_440.jpg;39
storage_tank_473.jpg;40
circular_farmland_264.jpg;8
stadium_567.jpg;39
beach_044.jpg;4
railway_500.jpg;29
bridge_134.jpg;5
commercial_area_560.jpg;10
airport_323.jpg;1
desert_556.jpg;12
rectangular_farmland_481.jpg;31
wetland_568.jpg;44
river_330.jpg;32
bridge_227.jpg;5
roundabout_358.jpg;33
airplane_535.jpg;0
baseball_diamond_269.jpg;2
dense_residential_197.jpg;11
mobile_home_park_026.jpg;24
lake_081.jpg;21
medium_residential_632.jpg;23
cloud_031.jpg;9
bridge_214.jpg;5
basketball_court_629.jpg;3
commercial_area_356.jpg;10
thermal_power_station_134.jpg;43
rectangular_farmland_295.jpg;31
runway_632.jpg;34
runway_606.jpg;34
island_361.jpg;20
lake_540.jpg;21
harbor_438.jpg;17
desert_055.jpg;12
bridge_044.jpg;5
medium_residential_200.jpg;23
circular_farmland_402.jpg;8
wetland_214.jpg;44
industrial_area_507.jpg;18
snowberg_081.jpg;37
storage_tank_629.jpg;40
storage_tank_324.jpg;40
circular_farmland_330.jpg;8
meadow_295.jpg;22
mountain_269.jpg;25
tennis_court_160.jpg;41
ship_553.jpg;36
harbor_160.jpg;17
airport_697.jpg;1
desert_640.jpg;12
snowberg_535.jpg;37
railway_station_448.jpg;30
golf_course_572.jpg;15
storage_tank_264.jpg;40
roundabout_259.jpg;33
parking_lot_403.jpg;28
ground_track_field_164.jpg;16
sea_ice_700.jpg;35
runway_260.jpg;34
palace_402.jpg;27
rectangular_farmland_061.jpg;31
airplane_640.jpg;0
island_451.jpg;20
sea_ice_164.jpg;35
dense_residential_058.jpg;11
airplane_358.jpg;0
thermal_power_station_640.jpg;43
terrace_567.jpg;42
railway_station_160.jpg;30
roundabout_467.jpg;33
circular_farmland_175.jpg;8
chaparral_014.jpg;6
commercial_area_540.jpg;10
baseball_diamond_661.jpg;2
harbor_700.jpg;17
terrace_163.jpg;42
mobile_home_park_175.jpg;24
mobile_home_park_044.jpg;24
meadow_507.jpg;22
sea_ice_140.jpg;35
circular_farmland_041.jpg;8
tennis_court_295.jpg;41
dense_residential_260.jpg;11
ship_632.jpg;36
industrial_area_496.jpg;18
airport_031.jpg;1
snowberg_428.jpg;37
baseball_diamond_061.jpg;2
airport_570.jpg;1
stadium_448.jpg;39
circular_farmland_481.jpg;8
ship_260.jpg;36
ground_track_field_071.jpg;16
bridge_674.jpg;5
wetland_071.jpg;44
sea_ice_041.jpg;35
snowberg_473.jpg;37
forest_641.jpg;13
storage_tank_058.jpg;40
parking_lot_295.jpg;28
baseball_diamond_154.jpg;2
desert_330.jpg;12
cloud_629.jpg;9
runway_361.jpg;34
golf_course_560.jpg;15
airplane_473.jpg;0
sparse_residential_542.jpg;38
overpass_428.jpg;26
sea_ice_324.jpg;35
stadium_402.jpg;39
church_330.jpg;7
river_260.jpg;32
harbor_390.jpg;17
industrial_area_041.jpg;18
ground_track_field_140.jpg;16
parking_lot_071.jpg;28
basketball_court_041.jpg;3
meadow_440.jpg;22
beach_295.jpg;4
ground_track_field_556.jpg;16
wetland_542.jpg;44
airplane_227.jpg;0
wetland_200.jpg;44
harbor_451.jpg;17
lake_160.jpg;21
sparse_residential_270.jpg;38
church_500.jpg;7
overpass_553.jpg;26
thermal_power_station_542.jpg;43
industrial_area_323.jpg;18
circular_farmland_629.jpg;8
overpass_700.jpg;26
baseball_diamond_540.jpg;2
rectangular_farmland_259.jpg;31
tennis_court_061.jpg;41
ship_330.jpg;36
river_584.jpg;32
wetland_540.jpg;44
harbor_674.jpg;17
airport_441.jpg;1
terrace_451.jpg;42
stadium_270.jpg;39
freeway_164.jpg;14
river_259.jpg;32
railway_station_055.jpg;30
stadium_055.jpg;39
ground_track_field_438.jpg;16
dense_residential_629.jpg;11
sea_ice_071.jpg;35
tennis_court_438.jpg;41
lake_440.jpg;21
harbor_140.jpg;17
river_403.jpg;32
chaparral_521.jpg;6
intersection_598.jpg;19
railway_station_553.jpg;30
dense_residential_473.jpg;11
tennis_court_186.jpg;41
mountain_031.jpg;25
railway_station_227.jpg;30
railway_station_568.jpg;30
rectangular_farmland_554.jpg;31
cloud_240.jpg;9
bridge_553.jpg;5
thermal_power_station_553.jpg;43
chaparral_692.jpg;6
dense_residential_535.jpg;11
mountain_295.jpg;25
sparse_residential_031.jpg;38
chaparral_303.jpg;6
palace_154.jpg;27
island_214.jpg;20
storage_tank_061.jpg;40
lake_061.jpg;21
dense_residential_481.jpg;11
parking_lot_260.jpg;28
basketball_court_071.jpg;3
thermal_power_station_081.jpg;43
rectangular_farmland_134.jpg;31
baseball_diamond_323.jpg;2
river_440.jpg;32
church_540.jpg;7
ship_507.jpg;36
dense_residential_560.jpg;11
river_554.jpg;32
sparse_residential_448.jpg;38
mountain_186.jpg;25
parking_lot_540.jpg;28
bridge_295.jpg;5
desert_567.jpg;12
storage_tank_160.jpg;40
rectangular_farmland_044.jpg;31
airplane_572.jpg;0
palace_081.jpg;27
thermal_power_station_323.jpg;43
airplane_031.jpg;0
harbor_358.jpg;17
commercial_area_598.jpg;10
desert_190.jpg;12
ground_track_field_451.jpg;16
tennis_court_656.jpg;41
railway_station_428.jpg;30
runway_661.jpg;34
church_323.jpg;7
ship_403.jpg;36
roundabout_134.jpg;33
dense_residential_440.jpg;11
desert_554.jpg;12
circular_farmland_567.jpg;8
rectangular_farmland_140.jpg;31
golf_course_270.jpg;15
terrace_598.jpg;42
dense_residential_295.jpg;11
sparse_residential_259.jpg;38
ground_track_field_467.jpg;16
island_440.jpg;20
stadium_044.jpg;39
thermal_power_station_441.jpg;43
baseball_diamond_264.jpg;2
beach_572.jpg;4
golf_course_507.jpg;15
sparse_residential_451.jpg;38
forest_569.jpg;13
railway_station_629.jpg;30
golf_course_324.jpg;15
intersection_584.jpg;19
railway_163.jpg;29
airplane_323.jpg;0
intersection_041.jpg;19
thermal_power_station_507.jpg;43
overpass_264.jpg;26
beach_323.jpg;4
runway_584.jpg;34
freeway_264.jpg;14
mobile_home_park_467.jpg;24
lake_175.jpg;21
chaparral_256.jpg;6
runway_448.jpg;34
thermal_power_station_500.jpg;43
railway_330.jpg;29
parking_lot_154.jpg;28
island_160.jpg;20
industrial_area_026.jpg;18
industrial_area_324.jpg;18
wetland_606.jpg;44
commercial_area_190.jpg;10
cloud_696.jpg;9
ground_track_field_507.jpg;16
roundabout_154.jpg;33
roundabout_190.jpg;33
runway_568.jpg;34
sparse_residential_553.jpg;38
sparse_residential_640.jpg;38
wetland_026.jpg;44
desert_473.jpg;12
rectangular_farmland_467.jpg;31
freeway_448.jpg;14
golf_course_644.jpg;15
freeway_356.jpg;14
river_572.jpg;32
commercial_area_553.jpg;10
railway_station_674.jpg;30
medium_residential_496.jpg;23
river_190.jpg;32
wetland_554.jpg;44
parking_lot_481.jpg;28
railway_station_572.jpg;30
basketball_court_438.jpg;3
runway_428.jpg;34
sea_ice_542.jpg;35
freeway_361.jpg;14
medium_residential_358.jpg;23
baseball_diamond_554.jpg;2
industrial_area_540.jpg;18
cloud_672.jpg;9
intersection_031.jpg;19
ground_track_field_163.jpg;16
overpass_440.jpg;26
circular_farmland_052.jpg;8
stadium_572.jpg;39
railway_058.jpg;29
lake_553.jpg;21
lake_560.jpg;21
bridge_330.jpg;5
sparse_residential_197.jpg;38
sea_ice_186.jpg;35
wetland_572.jpg;44
lake_500.jpg;21
forest_541.jpg;13
industrial_area_632.jpg;18
circular_farmland_542.jpg;8
beach_467.jpg;4
runway_052.jpg;34
terrace_361.jpg;42
palace_441.jpg;27
railway_403.jpg;29
terrace_568.jpg;42
wetland_269.jpg;44
snowberg_259.jpg;37
cloud_540.jpg;9
desert_428.jpg;12
ground_track_field_542.jpg;16
wetland_061.jpg;44
airplane_560.jpg;0
basketball_court_140.jpg;3
medium_residential_403.jpg;23
overpass_160.jpg;26
thermal_power_station_026.jpg;43
sea_ice_500.jpg;35
cloud_640.jpg;9
forest_478.jpg;13
stadium_554.jpg;39
rectangular_farmland_260.jpg;31
terrace_186.jpg;42
parking_lot_467.jpg;28
cloud_382.jpg;9
mobile_home_park_700.jpg;24
beach_674.jpg;4
mountain_214.jpg;25
stadium_507.jpg;39
rectangular_farmland_674.jpg;31
cloud_151.jpg;9
railway_station_154.jpg;30
ground_track_field_214.jpg;16
desert_270.jpg;12
dense_residential_071.jpg;11
storage_tank_560.jpg;40
mountain_270.jpg;25
parking_lot_134.jpg;28
rectangular_farmland_542.jpg;31
circular_farmland_606.jpg;8
runway_554.jpg;34
church_584.jpg;7
wetland_031.jpg;44
basketball_court_556.jpg;3
palace_598.jpg;27
sea_ice_640.jpg;35
river_606.jpg;32
cloud_207.jpg;9
storage_tank_451.jpg;40
wetland_163.jpg;44
meadow_186.jpg;22
palace_061.jpg;27
medium_residential_535.jpg;23
railway_station_140.jpg;30
overpass_260.jpg;26
runway_081.jpg;34
stadium_584.jpg;39
palace_175.jpg;27
intersection_264.jpg;19
rectangular_farmland_200.jpg;31
snowberg_197.jpg;37
basketball_court_164.jpg;3
island_553.jpg;20
thermal_power_station_154.jpg;43
tennis_court_441.jpg;41
basketball_court_542.jpg;3
lake_644.jpg;21
sparse_residential_661.jpg;38
stadium_700.jpg;39
tennis_court_055.jpg;41
railway_473.jpg;29
church_190.jpg;7
palace_227.jpg;27
church_553.jpg;7
sparse_residential_402.jpg;38
golf_course_081.jpg;15
commercial_area_640.jpg;10
runway_134.jpg;34
wetland_560.jpg;44
desert_260.jpg;12
commercial_area_661.jpg;10
terrace_481.jpg;42
railway_061.jpg;29
tennis_court_637.jpg;41
sea_ice_568.jpg;35
thermal_power_station_428.jpg;43
parking_lot_632.jpg;28
beach_507.jpg;4
sea_ice_358.jpg;35
church_052.jpg;7
harbor_542.jpg;17
railway_station_584.jpg;30
freeway_044.jpg;14
circular_farmland_055.jpg;8
rectangular_farmland_640.jpg;31
sparse_residential_140.jpg;38
stadium_197.jpg;39
roundabout_323.jpg;33
tennis_court_044.jpg;41
basketball_court_154.jpg;3
ground_track_field_496.jpg;16
mountain_041.jpg;25
lake_451.jpg;21
mountain_403.jpg;25
basketball_court_330.jpg;3
forest_686.jpg;13
river_361.jpg;32
church_044.jpg;7
railway_station_190.jpg;30
desert_402.jpg;12
bridge_052.jpg;5
dense_residential_403.jpg;11
dense_residential_390.jpg;11
harbor_567.jpg;17
mobile_home_park_560.jpg;24
sea_ice_584.jpg;35
wetland_500.jpg;44
mountain_560.jpg;25
storage_tank_361.jpg;40
industrial_area_154.jpg;18
overpass_140.jpg;26
industrial_area_259.jpg;18
industrial_area_700.jpg;18
ship_440.jpg;36
thermal_power_station_496.jpg;43
airport_026.jpg;1
harbor_496.jpg;17
baseball_diamond_402.jpg;2
ground_track_field_402.jpg;16
intersection_324.jpg;19
parking_lot_390.jpg;28
airport_554.jpg;1
beach_160.jpg;4
mobile_home_park_264.jpg;24
island_197.jpg;20
river_163.jpg;32
baseball_diamond_164.jpg;2
cloud_187.jpg;9
stadium_227.jpg;39
desert_164.jpg;12
freeway_081.jpg;14
mobile_home_park_448.jpg;24
overpass_402.jpg;26
mobile_home_park_584.jpg;24
palace_269.jpg;27
beach_260.jpg;4
mountain_323.jpg;25
airport_500.jpg;1
lake_026.jpg;21
terrace_556.jpg;42
cloud_515.jpg;9
baseball_diamond_197.jpg;2
storage_tank_055.jpg;40
industrial_area_058.jpg;18
harbor_071.jpg;17
bridge_390.jpg;5
railway_440.jpg;29
runway_500.jpg;34
basketball_court_402.jpg;3
basketball_court_554.jpg;3
airplane_163.jpg;0
dense_residential_496.jpg;11
mountain_496.jpg;25
mountain_061.jpg;25
freeway_644.jpg;14
island_572.jpg;20
airplane_661.jpg;0
tennis_court_140.jpg;41
bridge_324.jpg;5
airport_264.jpg;1
sparse_residential_700.jpg;38
freeway_451.jpg;14
rectangular_farmland_661.jpg;31
freeway_031.jpg;14
circular_farmland_058.jpg;8
beach_175.jpg;4
mountain_163.jpg;25
airplane_214.jpg;0
cloud_026.jpg;9
wetland_473.jpg;44
medium_residential_451.jpg;23
storage_tank_440.jpg;40
commercial_area_061.jpg;10
intersection_542.jpg;19
medium_residential_507.jpg;23
industrial_area_164.jpg;18
freeway_572.jpg;14
snowberg_052.jpg;37
parking_lot_041.jpg;28
mountain_481.jpg;25
golf_course_197.jpg;15
railway_629.jpg;29
medium_residential_467.jpg;23
commercial_area_567.jpg;10
commercial_area_361.jpg;10
runway_540.jpg;34
church_140.jpg;7
wetland_403.jpg;44
tennis_court_058.jpg;41
ship_269.jpg;36
circular_farmland_700.jpg;8
meadow_044.jpg;22
parking_lot_440.jpg;28
sparse_residential_295.jpg;38
railway_584.jpg;29
beach_269.jpg;4
basketball_court_568.jpg;3
mountain_542.jpg;25
island_041.jpg;20
rectangular_farmland_500.jpg;31
church_629.jpg;7
railway_station_295.jpg;30
baseball_diamond_553.jpg;2
dense_residential_160.jpg;11
river_214.jpg;32
railway_214.jpg;29
church_270.jpg;7
rectangular_farmland_535.jpg;31
sparse_residential_560.jpg;38
ship_644.jpg;36
intersection_507.jpg;19
industrial_area_554.jpg;18
railway_station_542.jpg;30
tennis_court_641.jpg;41
parking_lot_358.jpg;28
snowberg_500.jpg;37
dense_residential_467.jpg;11
circular_farmland_467.jpg;8
palace_481.jpg;27
commercial_area_044.jpg;10
palace_358.jpg;27
freeway_540.jpg;14
freeway_160.jpg;14
golf_course_553.jpg;15
industrial_area_560.jpg;18
parking_lot_175.jpg;28
chaparral_121.jpg;6
tennis_court_163.jpg;41
palace_567.jpg;27
roundabout_567.jpg;33
tennis_court_572.jpg;41
sea_ice_661.jpg;35
intersection_640.jpg;19
sparse_residential_044.jpg;38
mobile_home_park_451.jpg;24
palace_330.jpg;27
terrace_071.jpg;42
island_058.jpg;20
parking_lot_661.jpg;28
baseball_diamond_081.jpg;2
ship_197.jpg;36
storage_tank_584.jpg;40
lake_295.jpg;21
snowberg_026.jpg;37
medium_residential_227.jpg;23
ground_track_field_661.jpg;16
storage_tank_567.jpg;40
sea_ice_264.jpg;35
cloud_071.jpg;9
commercial_area_632.jpg;10
ground_track_field_197.jpg;16
cloud_578.jpg;9
airplane_554.jpg;0
mobile_home_park_507.jpg;24
harbor_640.jpg;17
harbor_270.jpg;17
chaparral_017.jpg;6
baseball_diamond_163.jpg;2
desert_661.jpg;12
storage_tank_598.jpg;40
mountain_553.jpg;25
ground_track_field_403.jpg;16
island_259.jpg;20
freeway_500.jpg;14
overpass_568.jpg;26
palace_644.jpg;27
river_031.jpg;32
baseball_diamond_448.jpg;2
ground_track_field_259.jpg;16
harbor_428.jpg;17
golf_course_071.jpg;15
rectangular_farmland_269.jpg;31
railway_station_200.jpg;30
bridge_154.jpg;5
dense_residential_163.jpg;11
storage_tank_186.jpg;40
island_402.jpg;20
snowberg_598.jpg;37
medium_residential_441.jpg;23
railway_station_164.jpg;30
wetland_323.jpg;44
ground_track_field_441.jpg;16
golf_course_567.jpg;15
golf_course_568.jpg;15
baseball_diamond_584.jpg;2
beach_554.jpg;4
roundabout_632.jpg;33
sea_ice_438.jpg;35
freeway_323.jpg;14
cloud_044.jpg;9
forest_459.jpg;13
intersection_164.jpg;19
ground_track_field_632.jpg;16
airplane_674.jpg;0
snowberg_440.jpg;37
baseball_diamond_481.jpg;2
beach_134.jpg;4
railway_station_081.jpg;30
roundabout_535.jpg;33
sparse_residential_584.jpg;38
dense_residential_556.jpg;11
ground_track_field_568.jpg;16
terrace_553.jpg;42
tennis_court_361.jpg;41
palace_041.jpg;27
runway_467.jpg;34
ship_041.jpg;36
lake_214.jpg;21
forest_101.jpg;13
baseball_diamond_295.jpg;2
roundabout_402.jpg;33
ship_496.jpg;36
beach_214.jpg;4
overpass_584.jpg;26
airport_190.jpg;1
storage_tank_052.jpg;40
cloud_341.jpg;9
ship_481.jpg;36
medium_residential_567.jpg;23
desert_507.jpg;12
rectangular_farmland_055.jpg;31
commercial_area_227.jpg;10
harbor_163.jpg;17
bridge_041.jpg;5
lake_584.jpg;21
basketball_court_361.jpg;3
cloud_520.jpg;9
ship_190.jpg;36
freeway_197.jpg;14
industrial_area_451.jpg;18
stadium_598.jpg;39
thermal_power_station_473.jpg;43
baseball_diamond_568.jpg;2
overpass_606.jpg;26
circular_farmland_260.jpg;8
commercial_area_496.jpg;10
parking_lot_026.jpg;28
runway_556.jpg;34
terrace_403.jpg;42
desert_606.jpg;12
river_629.jpg;32
mobile_home_park_428.jpg;24
lake_186.jpg;21
baseball_diamond_496.jpg;2
mobile_home_park_358.jpg;24
baseball_diamond_507.jpg;2
industrial_area_448.jpg;18
church_197.jpg;7
tennis_court_264.jpg;41
dense_residential_356.jpg;11
overpass_640.jpg;26
meadow_358.jpg;22
bridge_186.jpg;5
river_567.jpg;32
wetland_661.jpg;44
tennis_court_324.jpg;41
circular_farmland_554.jpg;8
circular_farmland_640.jpg;8
railway_station_026.jpg;30
overpass_324.jpg;26
commercial_area_467.jpg;10
baseball_diamond_403.jpg;2
river_323.jpg;32
sparse_residential_200.jpg;38
parking_lot_556.jpg;28
freeway_295.jpg;14
forest_017.jpg;13
river_644.jpg;32
mountain_438.jpg;25
runway_163.jpg;34
desert_629.jpg;12
railway_026.jpg;29
freeway_052.jpg;14
island_700.jpg;20
intersection_214.jpg;19
dense_residential_441.jpg;11
cloud_534.jpg;9
freeway_507.jpg;14
commercial_area_186.jpg;10
intersection_356.jpg;19
island_540.jpg;20
river_140.jpg;32
desert_448.jpg;12
church_403.jpg;7
intersection_554.jpg;19
river_134.jpg;32
intersection_496.jpg;19
lake_438.jpg;21
desert_598.jpg;12
tennis_court_175.jpg;41
storage_tank_200.jpg;40
sparse_residential_055.jpg;38
forest_244.jpg;13
industrial_area_390.jpg;18
island_190.jpg;20
intersection_661.jpg;19
bridge_640.jpg;5
bridge_361.jpg;5
overpass_448.jpg;26
freeway_674.jpg;14
terrace_402.jpg;42
sea_ice_481.jpg;35
bridge_438.jpg;5
mountain_260.jpg;25
storage_tank_535.jpg;40
palace_163.jpg;27
stadium_026.jpg;39
airport_438.jpg;1
overpass_055.jpg;26
intersection_428.jpg;19
terrace_190.jpg;42
thermal_power_station_164.jpg;43
harbor_584.jpg;17
baseball_diamond_160.jpg;2
meadow_175.jpg;22
railway_station_473.jpg;30
industrial_area_567.jpg;18
intersection_481.jpg;19
island_031.jpg;20
baseball_diamond_632.jpg;2
commercial_area_554.jpg;10
palace_428.jpg;27
industrial_area_227.jpg;18
beach_402.jpg;4
overpass_560.jpg;26
baseball_diamond_324.jpg;2
sparse_residential_467.jpg;38
runway_542.jpg;34
industrial_area_160.jpg;18
palace_451.jpg;27
harbor_055.jpg;17
desert_553.jpg;12
intersection_055.jpg;19
wetland_674.jpg;44
airport_361.jpg;1
medium_residential_041.jpg;23
ship_535.jpg;36
thermal_power_station_572.jpg;43
ship_295.jpg;36
bridge_269.jpg;5
snowberg_041.jpg;37
island_640.jpg;20
freeway_496.jpg;14
sea_ice_403.jpg;35
thermal_power_station_606.jpg;43
storage_tank_390.jpg;40
commercial_area_055.jpg;10
roundabout_052.jpg;33
stadium_560.jpg;39
industrial_area_186.jpg;18
chaparral_641.jpg;6
thermal_power_station_227.jpg;43
runway_644.jpg;34
airport_551.jpg;1
stadium_140.jpg;39
beach_640.jpg;4
mobile_home_park_061.jpg;24
airport_658.jpg;1
tennis_court_500.jpg;41
island_324.jpg;20
medium_residential_640.jpg;23
ground_track_field_134.jpg;16
forest_188.jpg;13
basketball_court_606.jpg;3
golf_course_632.jpg;15
terrace_448.jpg;42
ship_567.jpg;36
palace_640.jpg;27
sea_ice_026.jpg;35
bridge_402.jpg;5
roundabout_041.jpg;33
railway_164.jpg;29
circular_farmland_259.jpg;8
basketball_court_390.jpg;3
ship_629.jpg;36
medium_residential_164.jpg;23
river_674.jpg;32
overpass_058.jpg;26
medium_residential_402.jpg;23
snowberg_572.jpg;37
meadow_200.jpg;22
sparse_residential_058.jpg;38
snowberg_330.jpg;37
golf_course_295.jpg;15
palace_324.jpg;27
medium_residential_214.jpg;23
golf_course_175.jpg;15
thermal_power_station_324.jpg;43
runway_140.jpg;34
ship_661.jpg;36
rectangular_farmland_330.jpg;31
commercial_area_200.jpg;10
dense_residential_568.jpg;11
baseball_diamond_441.jpg;2
lake_629.jpg;21
snowberg_186.jpg;37
river_560.jpg;32
mountain_330.jpg;25
island_358.jpg;20
dense_residential_507.jpg;11
railway_station_270.jpg;30
terrace_055.jpg;42
overpass_674.jpg;26
church_440.jpg;7
harbor_441.jpg;17
ship_358.jpg;36
medium_residential_661.jpg;23
thermal_power_station_403.jpg;43
palace_214.jpg;27
railway_station_323.jpg;30
ground_track_field_058.jpg;16
rectangular_farmland_197.jpg;31
chaparral_045.jpg;6
railway_station_467.jpg;30
roundabout_572.jpg;33
circular_farmland_403.jpg;8
church_598.jpg;7
beach_560.jpg;4
harbor_535.jpg;17
beach_451.jpg;4
medium_residential_324.jpg;23
snowberg_661.jpg;37
palace_629.jpg;27
railway_station_361.jpg;30
commercial_area_160.jpg;10
beach_556.jpg;4
medium_residential_026.jpg;23
baseball_diamond_052.jpg;2
desert_438.jpg;12
meadow_264.jpg;22
medium_residential_031.jpg;23
stadium_629.jpg;39
roundabout_260.jpg;33
runway_323.jpg;34
railway_station_403.jpg;30
cloud_204.jpg;9
dense_residential_164.jpg;11
bridge_542.jpg;5
church_496.jpg;7
desert_467.jpg;12
medium_residential_584.jpg;23
commercial_area_403.jpg;10
baseball_diamond_598.jpg;2
snowberg_640.jpg;37
industrial_area_629.jpg;18
tennis_court_674.jpg;41
circular_farmland_323.jpg;8
tennis_court_026.jpg;41
railway_134.jpg;29
sea_ice_227.jpg;35
dense_residential_259.jpg;11
bridge_200.jpg;5
forest_486.jpg;13
roundabout_031.jpg;33
commercial_area_264.jpg;10
dense_residential_140.jpg;11
harbor_500.jpg;17
island_584.jpg;20
golf_course_214.jpg;15
roundabout_058.jpg;33
overpass_481.jpg;26
ground_track_field_440.jpg;16
medium_residential_598.jpg;23
basketball_court_500.jpg;3
forest_391.jpg;13
intersection_568.jpg;19
palace_323.jpg;27
medium_residential_644.jpg;23
sparse_residential_540.jpg;38
tennis_court_630.jpg;41
river_640.jpg;32
freeway_554.jpg;14
railway_154.jpg;29
snowberg_632.jpg;37
railway_441.jpg;29
roundabout_629.jpg;33
airport_163.jpg;1
island_055.jpg;20
thermal_power_station_661.jpg;43
wetland_361.jpg;44
wetland_197.jpg;44
freeway_402.jpg;14
golf_course_323.jpg;15
sparse_residential_190.jpg;38
bridge_356.jpg;5
rectangular_farmland_629.jpg;31
ship_031.jpg;36
meadow_214.jpg;22
thermal_power_station_269.jpg;43
airport_058.jpg;1
sparse_residential_644.jpg;38
meadow_584.jpg;22
basketball_court_496.jpg;3
freeway_553.jpg;14
roundabout_175.jpg;33
cloud_447.jpg;9
dense_residential_323.jpg;11
railway_station_052.jpg;30
beach_553.jpg;4
rectangular_farmland_403.jpg;31
circular_farmland_661.jpg;8
mobile_home_park_227.jpg;24
beach_629.jpg;4
island_052.jpg;20
tennis_court_598.jpg;41
golf_course_055.jpg;15
commercial_area_473.jpg;10
wetland_264.jpg;44
freeway_330.jpg;14
airplane_154.jpg;0
sea_ice_160.jpg;35
railway_227.jpg;29
stadium_175.jpg;39
forest_457.jpg;13
parking_lot_496.jpg;28
ship_572.jpg;36
river_061.jpg;32
freeway_186.jpg;14
terrace_428.jpg;42
circular_farmland_584.jpg;8
rectangular_farmland_356.jpg;31
railway_640.jpg;29
mountain_134.jpg;25
beach_540.jpg;4
mobile_home_park_163.jpg;24
rectangular_farmland_560.jpg;31
meadow_448.jpg;22
medium_residential_606.jpg;23
bridge_175.jpg;5
commercial_area_071.jpg;10
freeway_700.jpg;14
lake_058.jpg;21
railway_448.jpg;29
baseball_diamond_535.jpg;2
stadium_295.jpg;39
runway_197.jpg;34
lake_535.jpg;21
ground_track_field_175.jpg;16
industrial_area_055.jpg;18
runway_390.jpg;34
tennis_court_358.jpg;41
basketball_court_700.jpg;3
terrace_134.jpg;42
island_438.jpg;20
ground_track_field_644.jpg;16
golf_course_700.jpg;15
mobile_home_park_567.jpg;24
commercial_area_058.jpg;10
church_259.jpg;7
freeway_269.jpg;14
baseball_diamond_572.jpg;2
terrace_473.jpg;42
ship_175.jpg;36
harbor_264.jpg;17
wetland_553.jpg;44
railway_644.jpg;29
ground_track_field_540.jpg;16
meadow_402.jpg;22
roundabout_540.jpg;33
bridge_598.jpg;5
desert_031.jpg;12
